date,s01_consumption,s02_govt_consumption,s03_construction,s04_exports,s05_imports,s06_capital,s07_gdp,s08_manufacturing,s09_transport_storage_communication,s10_total_output,s11_distribution_hotels_catering,s12_all_production_industries,s13_electricity_gas_and_water_supply,s14_manuf_of_food_drink_tobacco,s15_manuf_coke_petroleum_prod_nuclear_fuels,s16_manuf_of_chemicals_man_made_fibres,s17_total_production,s18_rpi_total_food,s19_rpi_total_non_food,s20_rpi_all_items_other_than_seasonal_food,s21_cpi,s22_gdp_deflator,s23_wages,s24_rpix,s25_rpi,s26_m4_total,s27_m4_households,s28_m4_pnfcs,s29_m4_ofcs,s30_m0,s31_m4_lending,s32_m4l_households,s33_m4l_pnfcs,s34_house_prices,s35_dividend_yield,s36_pe_ratio,s37_ftse_all_share_index,s38_pounds_dollar,s39_pounds_euro,s40_pounds_yen
1970-04-01,0.7737619107112665,2.465161423870375,1.2255537647085615,-0.7969105816971456,1.2649279203642825,1.1507826088210549,1.7124299137927979,0.40597426463090225,0.497524443551365,0.0783053492746261,0.038263934839369615,0.014235821360997495,-1.1932357147132455,1.5987268521545934,-0.36679871586771534,0.9541567149337002,-0.45869023062749364,0.8456135169156382,-0.08110108165009344,0.2763885593213962,0.6114833394409293,0.26015696513468567,1.845968491206281,0.3024096124354091,0.6373777711155614,0.3868652652806054,1.66921712666795,0.44077739259479354,-0.3626682529659771,-0.020254198385905437,1.1532792999065802,-1.9460825122637035,-0.06366406458851959,-0.5539318220202203,1.8612536778435842,0.45229881330233307,-1.7279041750457071,-0.04688937602320557,0.01857082767654706,-0.19596958658645067
1970-07-01,0.727693407859408,-1.0557088934160486,0.5559065769690026,-0.6862864269808666,-0.2817235115302057,-0.0359360535293639,0.24741018515345725,-0.08986327418990242,-0.15092764132666048,-0.3177776974025057,-0.41227101969165075,0.013744368057109893,0.5339465748144901,0.2962926032395361,1.0311060777884324,0.5218947488683128,-0.19884997409578994,-0.7672439233908467,-0.09571722367594715,0.24865387677930814,-0.2723927232422986,0.23270283804373898,0.3194986513761042,-0.3080273914052106,0.3947533643166913,-0.7396543908842064,0.8334338357030496,0.9348348429345849,0.800627759193108,-0.1448863146772622,-0.6445242687042246,-1.205422381757923,0.1648862904643391,-0.28597265366838154,0.030657564911353987,-0.11156960532509101,-0.21460768286240842,0.09230775682292089,0.0979268665870982,-0.07282616252482499
1970-10-01,-1.024598718036064,0.41824417604863684,-1.039304526241512,2.4623022723334724,1.1434312885745785,0.5667801004612988,0.04724584748310906,0.3317624384859611,0.2644108170385555,-0.7081179725637343,-0.41227101969165075,0.09477901044062774,0.4607524493872256,0.02242271695876896,0.061628828114230046,-0.7812830482894465,0.009022231129573014,0.020477209928955176,0.5079413382275265,0.2220231737512201,0.3917197899613159,0.20633611189535625,-0.07348075796885524,0.5247186966210582,0.17476920650286895,-0.21421351192165394,-0.5577802713126143,0.7122994123362789,-0.7161741545975094,-0.03090651601764533,-0.9859074956213284,-0.8259284440577581,0.341066523409836,-0.46716244306936455,-0.4947416292345674,0.0709169475692924,0.34746880629527754,-0.05804626994035798,-0.08702521933072774,-0.20582554679083964
1971-01-01,-0.8704767454404218,0.11668471826527521,-0.20969542389152676,-1.7663323285014991,-1.2703148587221202,-1.7375145636616003,-1.8971170589971167,-0.9362301887195996,-2.050764458778014,-1.0956216950074342,-0.11353677146020036,-0.7233794539986066,-0.3541026496429194,-1.1611709030843422,-0.16289186960222837,0.21885815248977106,-0.3027860767084714,1.0248548409658054,0.47044111690208323,0.5140196051494965,0.8409927127173923,0.8116550046136408,-0.2990155554275659,0.7018572024434455,0.7651248375757338,1.9652941137148687,-1.2078408728922037,0.42802534077618426,4.297645995603219,-0.16512571817756802,-0.7245940625118105,-0.22872164318325558,0.22030797259836726,-0.09747295076579388,-0.002542390802346069,1.5262935866540033,-0.24853592496851765,-0.28107685022624607,-0.3453402148382104,-0.2749466405432789
1971-04-01,1.320923068719916,1.2443842421537117,0.876832572117648,1.7404693322004074,0.8148834229282228,1.0666053120231438,0.783861284088948,-0.08986327418990242,1.109291504649428,1.5908532148836951,0.4762663113356576,0.014235821360997495,0.07778297956569491,0.9340905218768798,0.8875548855325962,-0.7812830482894465,-0.32877010236164184,1.9276993498615056,0.7271384986214864,1.0918149701146085,1.423187767711328,0.1447726967424915,-0.3270517149761239,1.1952938368633648,0.1464863656413556,0.9634955861881087,-0.9763474820701863,-0.0548363835405632,-2.9940240249370347,-0.08842903122904076,-0.7588293855449936,-0.3956928173294864,0.6442578823887635,-0.34382005534002075,-1.4723424923118675,0.6978979683454545,1.537505345155657,-0.08829966003543883,-0.019630315774253483,-0.21936016475823697
1971-07-01,0.9214944785824514,0.5071792772092102,-0.5892486893955241,-0.15714864328446165,-1.0350801459981378,0.11983441644192436,0.9714540016911074,-0.44622759669940126,0.25060823406301885,0.41942726349771475,0.17380766530059277,-0.3969266086130983,0.6016960504859168,-0.611952439655427,-0.9229052697208728,0.019571067446965698,-0.484674256280664,-0.05628709157126243,-0.17892235591032826,0.1253190167473242,-0.09998916113259414,0.12174356009557998,0.6246292034751565,-0.53912115399449,0.6536593190771122,0.01066028267566784,-0.5059920769750416,1.2064988781398285,-1.0700017051282658,-0.11719028883473848,-0.04482314012524088,4.365899726168576,0.932000214232428,1.4015895701573384,-1.263798072848765,0.22270638203719959,1.2425985852514612,-0.2573329490642847,0.1595736837917164,0.0011828803247123836
1971-10-01,0.01927688700878842,-0.737957982815285,0.9878771588570631,-0.5113822208639538,0.5136132686833325,-0.3212126500774187,-0.5384180182406232,-0.08986327418990242,0.44190904073916903,0.40516776766056634,0.1688825761229845,-0.23265969766932396,0.7786156064676022,0.38475192443812456,0.9784572759560931,1.190047741616828,-0.6405784101996862,-0.06604882144183985,-0.19074915899987505,-0.19284625869938735,-0.18761813317672396,0.690619835370928,-0.20096289572474496,0.024133960780336097,1.7159251205687012,2.6124824611158406,3.049395934822685,0.7901900976873244,-1.889895859548662,-0.04262406541255922,0.5658001260792184,3.751689004762033,1.119035973770401,1.0309232514031579,0.02270985108159545,0.7363229091916648,-0.14198127763983345,-0.6142558185868572,-0.09111155419748332,0.7026780044023351
1972-01-01,0.8216210976596304,1.9624863217501343,-0.26954613216391254,-0.8038866494388048,0.8747690534475399,-1.3804837295588117,-0.6487163351769895,-1.6846570982924498,-1.3867759759169507,0.02077285331869143,0.7355872141887697,-2.858079239770575,-1.0549352765448268,0.7375283776565105,-0.12951521478742756,-1.3548753687286346,-1.6279713850201603,0.8323813431664863,-0.48296768905806264,-0.2048815684151048,0.02296287703932761,-0.5129150211030375,0.7796466631496016,-0.15199464365368387,1.8896205772840262,0.717804851734882,1.7074579350041836,1.9454461752747667,0.29743148726774965,-0.004275721938295594,2.1481498262586545,2.551728516099822,1.3405625205290361,1.8814986257600208,-1.1042798619538212,-0.4790277605626863,1.2126902087872984,-0.8662166524217797,0.11145771282778193,0.31628460161144906
1972-04-01,1.3290598960491544,0.07126590175338772,0.7795399927331539,-0.19450877334259803,0.1844459155726696,0.6441071912520694,1.9801365686360926,2.7776330446605546,1.2377076673778908,1.1139892268148677,0.8566979948564294,3.8631717131294376,1.418204146954395,1.7723926108899934,-0.45303007133590206,1.6501899487011875,0.1909104107017656,-0.31926232889304473,0.3430416713238769,0.07180214188239381,0.2527445349950797,0.05750477882995301,0.8106319476647532,0.30505335591657473,2.5365663222699744,3.1058852763041602,2.7597544800126017,0.9350679482336284,2.299780715048495,-0.05221115128112512,2.378161143215587,4.2113703499951765,1.706066520990487,1.944178867831378,-0.3304232440279487,-0.5145391193657336,0.4813432071632883,-0.03846875276033067,0.046708962032419414,0.007779632785822529
1972-07-01,0.6905493724255745,1.0229971638578779,-1.3824225328653956,-2.92824850321807,-1.2945435392049065,-0.3825538128857304,-0.3826232778912312,0.397565046637248,0.6050952623473146,-0.3658368819937781,0.28277875972930216,0.41132787378379415,0.5308477525970898,-0.7672583218179315,0.4709395469289802,-0.28121244789983774,0.5546867698461507,0.5535945523177267,-0.2279483337284362,-0.23174557991923883,0.08667666184333886,0.03756871844085562,0.2850082993486453,0.009919176054123952,0.9589136125293116,2.155435128248254,-0.7521566539698205,0.6912119425616806,-0.24061220003939288,-0.1054727394398246,0.8839100254526073,0.6006688565996758,1.7189472864954105,3.1029717457309616,0.44749925127723056,-0.28320891817664856,-0.38914951050551294,1.2848624038346923,1.4691061572280693,1.151142959550645
1972-10-01,0.07168704270790206,0.420235675425067,-0.33379639706272307,5.166337132030933,3.535441126861477,-0.06068825886718974,1.150943577896385,2.153929078162553,0.39177839665514147,1.0739043338657777,0.957216720299679,1.7324099462878009,-0.13815983503861226,0.2764703904411866,-0.003694737775206449,1.6521682462860925,1.5160957190134545,0.3079447218881186,0.5609208454065056,0.5931779788297645,0.6398500594518508,1.659147564181159,1.5549667754626777,0.4065002065591318,1.6512415383123,1.7794929343961488,1.5284795212797766,0.9865436099795463,1.9894100822498277,-0.08629856770269279,1.6032932214116107,1.8682332716375973,1.3608163332946421,0.9685216754748583,0.36279271563860965,-0.35624359543039785,-0.40050850563246154,0.7084865799287409,0.5826071763001807,0.47054367198367253
1973-01-01,2.7909629985365743,0.7648478185834343,2.661410138285068,-0.5495719504049753,-0.39121544060267954,2.282993525913751,4.69955327224771,2.0696229806503657,1.5006136598145356,3.1568357360641603,2.378298316678859,1.7444466992568148,0.2816258392357392,1.6392978913040348,0.507082970340771,1.2189339952213987,3.9326101047582993,1.7244489907273526,-0.7839338810990115,-0.2639774927117481,0.16456862044569026,-0.5607371196594021,0.9880795627561955,0.15449715910035125,1.8986990698941923,1.8488352676664188,2.063168159426834,1.190721623272455,0.8945621611023493,0.05324679327309984,1.070664663230324,1.816764718403866,1.7460432671411905,1.190720558404251,1.1106290969441683,0.5592889540851194,-1.1699151682803466,-0.5738706980014361,0.6687870638165548,0.7430587442929174
1973-04-01,-1.2781644550350393,0.02715203567273492,-1.3430562497364746,0.298912906964957,-0.24927004413279583,-0.8671328168183888,-0.21171720274159753,-0.025674120551616483,0.1632139763348178,-1.445693632125179,-2.126447094544956,-0.07571605816061629,0.2739229135259656,1.8395270789805482,0.1553368088422519,0.5759212343180762,1.8798720781578397,1.6085134714726386,0.7710695705140139,0.5311074668205183,1.155793688790339,-1.6367207459646516,0.9025702974977436,0.957718743284538,1.8436411570323818,0.17563132638238252,-0.40036716911015663,2.318972582140361,0.39233709301503733,-0.23330055102070335,0.7476754897933592,0.2675625366704671,0.5960790105782133,0.306282339895332,0.3829750681220725,-1.7136184690850087,-0.49834722366714135,-1.0421203986189103,0.23908667138642656,0.044875434597762366
1973-07-01,0.03428726858294633,0.5288214388170936,-0.3276969663237756,0.40618563150828557,0.5196575236407629,-0.43005515084975765,-1.4731049878432065,0.35746490640975304,-0.5747618101356137,-0.7455497578896891,-0.41227101969165075,0.2205313995968722,-0.55024258360319,-0.8183205662712455,0.9168370126839336,0.3081556764631104,1.7759359755451583,0.19093754807553662,-0.28428790474562354,0.2312224950706896,0.0026198881341638843,1.5483590649561514,0.5778848251660804,-0.00785836079845786,2.4596858961187276,3.09560745142805,0.7362077699430652,1.6114065166920293,0.21499209900231844,-0.17364757228295993,2.3809782843619787,1.0108426788367653,0.2904153773187116,0.4595160559395142,0.8711172351101135,-1.1659998412406647,-1.036999330091395,0.39485855689413896,2.451079700231052,0.17672327511164287
1973-10-01,-1.351354244060392,-0.28850006345252244,-1.2570884122006547,-0.15378251238694746,0.12048461678532224,0.110487176114442,-0.8155639096409477,0.10078824755176337,-0.026922359844516953,-0.746316619264079,-0.545907526840029,-0.37226604539516317,0.4096204846070615,-0.5742538389712183,-0.02544346147243454,1.4370622513241444,0.7365749494183434,2.183443760603993,0.6990112408111864,0.9700722084161083,1.3341743656178926,0.9449582706846451,0.935880313036523,1.172699471724702,1.1950276332146443,0.6758228415952091,0.20190123780898706,1.4707326471529114,0.7257154622993248,-0.2567356498105311,3.642290499979168,2.504124364176735,-0.36662237157827127,0.5864471445439491,1.0018090410814664,-2.899543197040324,-0.9109881261243462,0.8640612471675506,-0.2817141200707158,-0.08398575383123374
1974-01-01,-2.2726358376855367,-1.5980341965074467,-2.0643146118017244,0.4842432645125277,-1.3617178929297247,0.017608889098711635,-3.2719473798873326,-3.0850408169637897,-2.046435607574655,-2.145840880892207,-2.7245155140518067,-4.150336322795515,-2.4143219570811323,1.569590364253391,-0.26900227059013326,-0.8459003303819801,-2.043715795470886,1.8522827853820056,1.129295299502497,1.3976129117228362,1.807438221910503,-0.10016996379959804,-0.0675876687448761,1.8113479502572423,-0.032774756496073025,-1.284180774930608,-0.5856110140410116,1.1486787613691316,1.3411338025576103,-0.09268995828173672,0.9055505163469334,0.9392663255621247,-0.4589095878483999,-1.1327499520798272,2.094793116634727,-2.9270399130518974,-2.5218969881065494,0.9012031902133754,-1.1352787998948832,-0.4388399642243752
1974-04-01,-0.17537005137550657,0.9814527225875692,-0.8042257118339804,0.6011977126815548,0.3735188616010867,-1.866475894036898,1.3495578445811895,3.5362907592256594,1.0784670151704812,-0.7447795219837614,-0.41227101969165075,4.36689229099757,1.911382001905019,-1.7205611763269273,0.10215967997571629,0.8403895886507139,0.009022231129573014,1.0717937912363507,3.0932666502753543,2.704365408817069,3.0162351592369356,2.281685419883112,1.7707629096781472,2.6489385468454705,-0.8571364884910792,-1.2010739125323417,-3.8675997954602264,0.550727135370721,-0.5930468737908674,-0.1374296923350443,1.1038001411532044,0.2426876094974292,-1.173300454832787,-1.905596433468299,2.116500646035538,-3.1583894706823736,-1.8145032773203527,-1.1725954896348842,-0.11433359292469245,-0.48537473916897933
1974-07-01,0.2761829865280137,0.7411456764243386,-1.2891563211408257,-0.16390799938912223,-0.7189899602302926,-0.22136556672830532,0.4413537428987157,-0.5940891487323943,-0.5747618101356137,0.30007827289598205,0.0014303392048501777,-0.22369540861354092,1.0160563589821228,-1.0796397682097334,-1.1606408394634604,-0.20227545416385492,-0.17286594844261957,0.04728010986799393,0.7085788989945483,0.9523454192937248,0.6903741565129744,2.1167200493210534,4.064522159576736,0.3018646148764519,-0.874062384919574,-2.545618708185794,0.7763456091547032,0.22986559119214453,3.0263695896241725,0.10118222261592937,1.4389300964928737,-0.6464526525819893,-0.6598396072224982,-0.75357931283381,3.1393349615896384,-2.120700021902187,-3.166278106367615,0.3928748654392712,0.03601977686973081,-0.9983541935272313
1974-10-01,-0.36350459570896276,1.0128833827468473,-2.312457653745277,-1.0430573171276598,-0.8875118322138041,0.364329900860835,-1.901263070511675,-2.4812267841946314,-1.1210109951593168,-1.0956216950074342,-1.1031545970613028,-2.2503857886782734,-0.31191605720990534,-1.952258038336739,0.09636471628201386,-2.9710679931330564,-1.0563228206504123,2.2146226330746104,1.290080309763668,1.7524214494330974,2.0304426746193998,2.8174902503038246,2.9620909058964893,2.268643038712094,1.093018662773484,-1.2101723251572585,3.1383968541352165,1.5541331255652295,2.291608697941055,0.08307328264197154,-0.5426694210644919,-2.7866005453616056,-0.0937495709790902,-1.5803373521218826,3.1147502067209465,4.309105802831381,-3.287813912385517,0.16013410010593257,0.6898741442449361,-0.1797785104107088
1975-01-01,-0.8961957581598023,3.502649557809075,0.2829264226505145,-0.4928601862049162,-1.8000233969685833,-0.7999649453739353,-0.3367027994291873,-0.6202604040910293,-0.5747618101356137,-0.7485971765157153,-1.2505463855196763,-0.9201722023654785,-0.8919995217891653,0.4443748670382107,-1.8820572447242523,-2.0910118218167675,0.4767346928866397,3.3322283902210272,2.403019094762581,2.65347441899343,3.090753279405792,3.7852555277060476,5.7590543383944635,2.919842717033906,0.3288038314119154,1.0282561678843851,-3.1639330291415484,0.9119695110882903,0.96666771802485,-0.11079889825569454,0.02730799362056306,-0.9493490976522317,0.11093842997684984,-1.6923714390602462,-3.594820794390214,0.2827864337509515,3.884125311055903,-0.6342847258796606,1.0981526771519126,-0.2681767290189934
1975-04-01,-0.4342721036538956,-1.856509211095262,-0.35860293319950515,-1.6232335441911625,-2.2194125404706364,-0.03742250663672415,-2.320811058157514,-3.0277568286240477,-1.3105733950346665,-0.40383014005097584,-0.8352501421133598,-2.365580485451677,0.3083335928655873,-2.2492502494593136,-0.5493046150400415,-2.5469330714290797,-2.6153643598406346,3.6763900586518266,4.616044771928356,4.711889743057613,4.206984416913831,3.44815182017679,-0.2101727299601817,5.36697872770258,0.24694146973576456,-1.4722116489375676,0.34623387111764486,0.8499065256180689,0.997524794081212,-0.13956015586139225,-1.1333346372487414,-0.6695954446498088,0.3750345887861096,-1.7275089297665571,-3.2193221229604303,0.6831666446933772,3.1867368229715947,0.589332556159915,0.9588562780506289,0.43824856648765365
1975-07-01,-1.5716292509810368,-0.1175663124258257,-0.5032857294192568,-0.4235097354803944,1.3736683621181012,-0.5848795222823934,-0.7837547671786593,-0.9372699891539477,-0.3899981468379024,-1.0956216950074342,-2.421118052488928,-0.9635871818954911,-0.7203508340239078,1.6739463406098034,0.34060147887498093,-0.28121244789983774,-2.953156693331849,0.5063775521716609,1.9491129037759733,1.8076910126413888,2.496287625820992,2.1167200493210534,2.539193146903121,0.5164464764404734,0.5307871096334469,1.2393454298499613,-0.7077613564446461,0.5636783446768389,0.4144065497664581,-0.06179823714969103,-1.863514278504729,-0.38098417465854756,0.08576868679411927,-1.2335091685748558,0.6675794317868721,2.230104426039904,-0.5887984011229482,1.9090585973026963,0.32928659272600574,1.1468833121518622
1975-10-01,-1.4130041401200126,1.525248604131375,-0.36144711523301926,1.1662081994593816,-1.1408652250712075,-1.1877384248876066,0.8655234249140265,0.617173697977882,-1.6915963869412523,-0.7508481481250371,-0.41227101969165075,0.9049717256356353,0.7077274971241557,0.9514923306244848,-0.6317979113503152,2.6835354411703167,-1.5760033337138197,1.0855435876195447,1.1513828818891456,1.1741582747994648,1.5747947295469744,1.298030873646715,-0.2431549525557074,1.4396932661222916,-0.9252685121690715,-0.7783283478668168,-2.0903349409899104,0.2885543167456629,0.5583636663100957,-0.003210490175121604,-1.0089419225254657,-2.5939709522966576,0.16990625839521165,-0.6418515189089069,-1.1942324978919487,0.9776892438336154,1.1480116100061057,0.8744268854719653,0.4725669178627724,0.25417965087099825
1976-01-01,-0.0418084384490829,-0.30726260878426015,0.5006761638778279,0.3226018286457834,-0.8804096687016622,1.747589747046047,1.0792844006096725,0.6085825135622531,-1.1407255142850397,0.2760659317041372,0.5994462848729659,0.48920284177463047,-0.13815983503861226,-2.1355184781158894,0.9604563053700234,1.7461944683192678,-0.9264026923845603,2.63474295427033,0.5930502949645025,0.7669924231554336,1.2491297047370167,0.8884657721998673,0.3343583027571648,0.9287580952665879,0.537271818287587,0.2835843844635549,0.11976825772507137,0.4567935245920595,0.8262555348536966,-0.15127770525630616,-1.269648753224014,-0.2515040481959797,0.20948253064387856,-0.741929895909909,-0.7698487771533017,0.21748149755303828,0.7780783417696931,0.4543343307583203,-0.10966883349667811,0.31967526018318493
1976-04-01,-0.07177509994661138,0.35220309105799896,-1.37313371760126,0.7832346020904845,2.1662662705528826,-0.573136655657319,-1.4497141922066392,0.7372212269829097,-0.19688585811842169,0.26436696088994477,0.4432888107310372,0.8731569816403696,-0.18189476548497097,3.491427376801476,0.2999011309263445,0.21015225402717505,0.6066548211524916,1.0170274864713564,1.1800154078044942,1.2000875838749474,0.9544691144561644,0.8302955452919306,0.35191218584471595,1.3170061053313216,0.24002232131061735,1.161698029604313,-1.1540882999032147,0.07894000125877748,0.7117258945544805,-0.005340953701469583,0.9244149891434362,-1.3400827080604558,0.3945425494678638,-0.6466965863829295,0.615621007058833,-1.5106896661571554,-0.48511797861538813,2.165573553236363,1.8937707460217297,2.011126355864282
1976-07-01,0.1925176137539551,-0.8236742062810121,-0.7352804251518514,-0.1776332817318977,-0.0712064600369465,-0.8686771894595078,0.3870709847356912,-0.1583342544240416,0.17422880012120903,-0.41995244968628076,-0.41227101969165075,-0.15015506353496785,-0.7595637384567506,0.2532449153734342,0.25408073035296064,0.9217065938272974,0.9964152059500471,-0.11389291047394562,0.49649822708427926,0.8116245536560232,0.9761300220203757,0.46675158926670557,0.4364113017565796,0.8022931923527167,0.6403017923722019,0.3720583132577321,0.41138274619218795,0.7278233206895358,1.2674921383920255,-0.21945253809944149,0.7914633484634964,-0.3947142651414487,0.45691056244975475,-0.5587050920641292,1.4630364643505307,-1.3128563640998552,-1.2002754846292933,0.4651351547463118,0.4769739079720091,0.7622702489430564
1976-10-01,-0.45547494979157865,-1.1907645338549833,1.2436230864050017,0.6948976839485683,-0.4093429559225178,-0.2196610099446518,1.5609790361933373,1.5313407143496751,0.71482994845679,0.24718795247689548,0.011572212572066228,1.9910946775942522,1.0025245368822755,-0.9852252812803683,0.6961540307952583,0.5787371508730018,1.5680637703197953,3.5861451609871806,1.052666492167736,1.5131852636268823,2.260653067791217,1.331173258619102,0.3887408637834583,1.6245281515067749,-1.359820781112487,-0.9189025971368057,-0.41204104045023404,-0.93640930682595,0.3094551386673346,-0.33130187323271043,0.856110051450227,0.9402030175904524,0.39323145185339237,-1.3077209729085353,1.816240382279194,1.7667543015717821,-1.757688443307287,1.407736453717717,2.399892883512996,0.9387996358838897
1977-01-01,-2.4680219789796642,-1.4274893308434857,-1.3115912418092488,-0.22331016819721666,-0.6995458386554091,-1.6417848544819404,-0.45671349377583353,0.7039083421851279,0.3304085624647805,-1.0956216950074342,-1.405309818426598,1.1102296180904452,-0.35306941462690483,0.5855466114225618,-0.7052909196691105,0.2566613351468076,1.8798720781578397,2.596973274586701,1.6953681556377962,1.9898336851943863,2.1549361164173226,1.2447581917961823,0.4349075215153953,1.915604536229077,-0.7783640780389615,0.11991819746295275,-2.193309483081173,-0.5047754458016398,0.265601921209331,-0.19388697578326572,-1.0339810210891651,-1.3789816468944882,0.06155474463757079,-1.295839129443574,-2.49594976397351,-0.12527474119168328,2.557621945273326,-0.8473243440061639,-1.1191896192527797,-0.3459348769695596
1977-04-01,-0.7594163295334025,0.22281104024655232,0.002427463367274129,0.32104485483561757,0.35835482855304795,1.4766530621484664,-1.1160356971822385,-1.2846694087287305,-2.2135922226473617,-2.101667324370629,-1.4197770727792587,-0.44411994496896734,0.7924315894851228,-0.8199254090153052,-0.1816972552939886,-0.6646768967219168,1.20428741117541,0.9702950391961052,1.986163905109487,1.8523481737233196,1.3825962061095693,1.4417684030978384,-0.3418564739305249,1.888534183393158,0.7758166878800508,-0.6739033331634912,1.6510673080136808,0.9898116092025897,1.7331148059478771,-0.01812373485955746,0.15639048624269677,-0.5582172260898423,0.39677289463509985,-0.7355493970644945,-0.48611487340090126,0.1200583108036141,0.8337567827097413,-0.10700753900865453,0.03807802597155536,0.46524485548234307
1977-07-01,0.4469902185211354,-0.7008689572369984,0.3673540346155973,0.7365708897288002,-1.3175520979155937,-1.046365211041842,0.18663856483765087,-0.4937153881800977,0.7035663552936602,0.910162026157132,1.0225703020633807,-0.5198416904535081,-0.13815983503861226,0.08995840909209887,-0.36545959869639755,-0.9807433604781327,1.0483832572563878,-0.4982200828507182,0.15223510648380342,0.5344354360913972,0.6611383985929051,0.2714582823412666,-0.045726132260654376,-0.2465657413261239,0.6527521292367457,0.26297927636087737,0.13429810606816403,0.883168545785814,-0.24295410610889615,0.20237924011745836,0.1465500492141336,0.05367843114381338,0.9215205718472719,-0.411895655508331,-0.49002872029754807,-0.32412785887125833,0.8305939018482374,-0.2674956553237734,0.0004455260617825881,0.2729017597402672
1977-10-01,1.1795818975927101,-0.6359628396289804,0.7195334655423332,-1.5886589111480431,-0.8843487610916715,0.827165196698529,0.8317312466347949,0.04506960727750121,-0.39425170473861876,-0.10211254140150805,0.012439860256332246,0.07195591832522742,-0.6409691886620585,0.5819400602848586,0.2180735863462668,-1.7176425048695,0.08697430808908414,-0.41073584874839986,-6.163760875177481e-06,-0.028672885908705804,0.4203625870618839,0.7728995603160839,0.7955327953750451,0.01185929094089795,1.5797602798404184,1.9522271845795716,-0.1047446785917953,1.375756267022329,2.3851274272436984,-0.027710820728123364,-0.2212142978106049,-0.06884393306890123,1.255979735700323,-0.5660661661954949,-0.3207182027927978,-1.2198756362642165,0.4444126838554091,-1.0526792638963045,-0.6831112672996058,0.41234626010340575
1978-01-01,1.5037180457068646,0.7891904978796432,0.4218732234524128,-0.02810499211217804,1.7325440143074105,0.6597278798695815,-0.11422872276924657,-0.1572901219328465,1.0268711996231337,0.21950083843697202,0.9848850026970319,0.07105970479825327,0.5297817308715878,-0.07693901963350132,-0.1721187358966514,1.4676145008289379,-0.43270620497432327,0.2875868489522305,-0.017154734125908334,0.0838632551461517,0.2252640980086914,1.2320942687180245,1.2248054954430543,0.25763637789046123,1.9836303280844063,1.6091776188523133,1.6940187950894996,1.293228556692983,1.2100796876969269,-0.04049360188621124,-0.6712156984755895,0.3530811300142882,0.8598538899383265,0.7084752649057398,0.85908444949399,0.048665948786576624,-0.8166956072289907,-1.3581984404178917,-0.33260205825157746,-0.6482889582486489
1978-04-01,-0.9347357480059323,-0.4442171653896556,2.051385483104463,0.21081882043138456,-0.2494465885992566,-0.7206123013435317,0.35813027085782184,1.1779144541407576,-0.3993009451352687,0.20874306943628956,0.8214818957061817,1.4453742309422593,0.22900713918066848,2.408221783373153,0.09278893777135423,-0.12591399824893354,0.5027187185398101,0.8595858557766181,0.4673975236495756,0.4431620999420432,0.0953590604418324,0.6588053857409435,1.5140409065533034,0.7119704557965081,-0.20008063964499453,-0.5139401790999533,-1.3772528492531784,0.6552746245730314,1.6920931069241008,-0.06073300538651704,0.0739187515721364,0.7937336891609807,1.3656654549370038,0.6938066893624826,-0.030308313898788443,0.5275975599387124,0.1498399079919749,1.0208998124236446,1.4038432341785652,2.1977795696533633
1978-07-01,1.3359591724714501,0.5653782774212024,-0.4810559674565862,-0.28930885781227744,-0.48431892048974284,-0.8961349470035451,0.4846061949797923,0.1077806378146412,-0.7502226751359586,0.5199716928516719,0.7998570664190509,0.3479278344511876,-0.3006045193369882,-1.5907042154249613,0.6638528964495867,0.10444534834093294,0.9184631289905361,-0.18071242284143715,0.18754323332645229,0.284804284786532,0.22082435270216189,-0.1150743865756009,0.2218265771621319,-0.27253416450025314,0.1079190916348345,-0.7947572187113495,-0.7185055685163959,0.9571927801834471,0.8181604735281559,-0.20560452517817962,-0.3898850004902814,0.3533151496049682,0.7487567232068794,2.157833953065066,-0.4516482541741082,-0.38640008836488393,0.6650490820212908,-1.207054544051633,-0.548204405002306,1.4930682399680684
1978-10-01,-1.2623163021094574,0.034352846973906795,-0.7564577337601226,-0.410488711470358,-2.4732814107038323,-0.8461864985467082,0.14072947377581857,-1.0180718350627873,0.2976753181018542,0.18516995644388629,0.38417007752924254,-0.29200331610814156,-0.9684902576244583,-1.0489239524255498,-0.09829928750377309,0.024688415686621615,0.7625589750715137,-0.3523791374789504,0.1637781269534496,0.13548030451906115,0.29383939931312886,0.5881105676677639,0.6055016387919323,0.060005148366818827,0.5461561468211757,-0.208224986611093,0.923908544965495,0.6732810114376744,1.2975867238841108,-0.024515125438601394,0.03538946229089122,0.352570310996191,0.8507605193451407,0.8736928730695901,0.5764017848088653,0.431448558320486,-0.48489004213836057,-0.646338881993434,0.5069414980946505,-0.5154755906882589
1979-01-01,0.9354802820087325,-0.7637076122618657,-1.7478164813846229,-2.8197138659865395,1.7495568449565733,0.8191528429556636,-1.5321701739868763,-0.8975774698348988,-2.689362664439367,-2.055249686405676,-1.6103988469653538,0.06247992454754727,2.075238668418207,-0.1587405984954635,0.6803688644344992,-2.8768965061067475,0.7365749494183434,1.8894558363736091,0.49330105007295527,0.5880785554652045,0.8670972086259767,1.2385242049277112,1.1813206814404271,0.7380048560470012,0.3184567314987134,-1.0393412121345305,-0.9026508203943664,1.4150858754370503,0.9736894007263691,-0.10440750767665061,0.8620763686455846,0.6724181063676065,1.0847381710285378,0.6198571615060758,-0.19683651819850972,0.19507312127009704,0.3293598072582015,-0.3862966792376036,-0.35381514014205273,-1.5953025049231657
1979-04-01,4.2767094502996175,1.3439085927393006,2.404880576438691,4.8724188378178335,2.2803052762603953,0.1549553091475497,3.7781944980563025,2.364994598615701,4.418516125127644,4.267457408039004,4.1348885118691125,2.4067037431829723,-0.21493898567485784,2.6340978836771987,-0.5285069370392291,3.9567899678096485,1.20428741117541,0.7019291739279254,1.3648942641746609,1.1209736046260677,0.4795025410591266,0.48938721756023684,1.5128053027500137,1.5345488259971964,0.6025574542224468,0.14213288521677192,-0.7405294848269769,1.1955323007550218,0.7243711642581689,-0.30893200620605665,0.6849030208536624,1.1869581465439987,1.1116461152502228,1.2453021856550857,-0.9455310677332658,-1.3781377858095096,1.1165000609250246,-0.7569428186570751,-1.6575589949584206,-2.3541268713719483
1979-07-01,-4.460437103125847,-1.3775766874926407,0.055209814426238596,-1.513088626517525,0.22783116628727096,0.3349070791314786,-3.1404646424745586,-2.2742200308128284,0.24736291143827135,-2.967945006328177,-4.8252755704248536,-1.310140368976681,-1.2415758437985032,-0.4721723103352875,0.0755011360153633,-0.13516464865144356,0.39878261592712866,0.6608431116632991,3.7266498901714633,3.6551452550416714,3.854617202277316,3.865264801984577,2.0559297102349263,2.838762144258012,0.5700659118865731,-1.5275151898050976,-0.9623916709307188,1.93177322686848,1.2004164214610102,0.06602957443118772,-0.117967135828996,1.010632387860531,1.0806501760237608,-0.27345009534660636,1.6686995982367914,-1.032678691874077,-1.0249312924272964,-1.6098029380982974,-1.0409495754979998,-1.6821857052525508
1979-10-01,0.5648292620230897,0.16520666210418608,-0.345434617507559,-0.1345158938046405,-0.6249262844769766,0.48645875021363016,0.45888073832748305,0.6475173242396308,-1.3968865317094987,0.15503336959423963,1.3084671704407411,-0.15015506353496785,-0.6281693763054081,-0.3160003979687173,-0.4629577691434421,-0.8685940399132686,0.4767346928866397,0.4051363829489279,0.7039099247949814,0.6959801984336034,1.1491938488895872,1.5499960358855438,1.9326778879703137,0.6327615736731024,0.45495388873457476,-1.5215020178081258,-0.5650460406094364,1.6744939740895926,0.4530646422190427,-0.6146535222369917,-0.24148271472648514,1.2177332855338723,0.8552301333204431,0.9401618090680013,1.3329330873464715,-0.13280409544326474,-0.7249331142232428,0.689786353302401,1.3988580267118838,-1.228745666456135
1980-01-01,0.8876143106160845,0.428203251583406,-1.0240462602897484,0.1241051216995743,0.07265266137741562,-1.5131523045631217,-1.638401640548691,-1.5058985222096426,-0.5747618101356137,-1.7197230917492603,-2.5362574131590834,-1.0540641217470677,1.0673825031784858,0.15541581352390865,-0.6624238927077932,-0.6527044656418953,-0.042945820176767714,1.4303981315765644,1.9296698447793816,1.8489014204155125,1.7045067464324655,1.8308036306786937,1.4537329423131302,1.7178266344092732,-0.056959013943247414,-2.5067551153905265,0.01910813565211071,1.0724093264401973,-0.22415506379790678,0.13633487080067103,1.2881455584561048,0.37698303974461284,0.5777773244775075,-0.5715723041007746,-0.19290791020773027,-1.6467173854178012,0.3464225776226591,-0.9755267635779066,-1.413023705570189,-1.4428173657886811
1980-04-01,-3.0347653485748607,-1.332745261573755,-1.6037283712388717,-1.6680994531880897,-1.6805047250594158,-1.5231090675268442,-2.5267628364876207,-2.6729464507679936,-2.0822975590211543,-2.3512006492267647,-2.1873720686398954,-2.2947956151322417,-0.5727146007874315,-1.504055907150916,-0.4847583685240775,-4.279070760205825,-2.1996199493899087,0.938645279334219,2.8976881389880087,2.75978084334558,1.6958396743462345,1.8889160508830436,1.5218087283251638,2.355059617659356,1.4457499511441,1.3545687912092497,0.10630644163049886,1.5742233345111898,0.1264506798371718,0.2013140083542844,0.8881891002888839,0.5834712977340492,0.5637618359160219,-0.6561638481963913,0.48830115168294047,0.8564769093724264,-0.08896057008218254,-0.34765433635636267,-1.0164077142070118,0.4753794483293552
1980-07-01,0.5100730574323847,1.194505876727592,-0.5710460827315564,-1.1601343038986316,-3.350943183745462,-0.9695199858026585,-0.8318621085387858,-2.794508503610149,-2.2934232462607027,-2.04383679822746,-2.2341379220283164,-2.154788147439128,-0.37878227642922174,-0.5595453187888807,-0.8399898409830946,-3.8087658072401793,-2.589380334187464,-0.10052982903929825,0.4812816240551648,0.3894193648111664,0.6257655464147426,1.0563502071635396,0.5623715384341048,-0.029389920422998178,0.9580276574916866,1.1617071789568534,-0.20218612001255,0.8850500462518086,-0.10184721830109487,0.07668189206292761,0.8719010827403948,0.03885621024778356,0.7055323909199045,-0.7229828463594916,-1.0068565162791214,0.6939127963043005,1.171548160930485,-0.9912553009066819,-0.6977139234236973,0.05119050354465826
1980-10-01,-2.3915523284409597,0.06724753844866639,-3.480602983760464,-0.5477404243590449,-1.222340207969868,-1.0857568589562918,-1.8224827720550723,-2.4582019967408035,-1.275631876306228,-1.7309121899547693,-1.269598580944947,-1.3736216023294885,0.14231688422341318,-0.23918608218400322,-0.5461537691114037,0.07680047667640912,-3.135044872904042,-0.5029764550500255,0.27119446452033985,0.17788429858125396,0.6403545632025414,1.499648258056657,-0.36887417699070946,0.18806865715840335,1.5903512884707591,1.5293803685068503,-0.9046807794807195,1.8903053472344153,-0.7510884301783898,0.12142162611623517,-0.24558021929084095,-0.22871044775176175,0.8331248676033414,-1.3074187362834628,-0.30758128076106517,0.7176759123969466,0.29071429708995805,-0.09627548752134206,-2.0906274228793373,0.5959753212808773
1981-01-01,0.9431530170714841,-1.4045559346058898,0.6186271217198037,-0.6039540320105881,-1.839013498306663,-2.904794997292116,-1.420343299116777,-0.5597409406043611,0.3001089732603376,0.17243829423017487,0.7284867371754253,-0.22753590776514876,-0.01901961033260267,0.1624713617789852,0.6262618442910399,1.033806788694165,-2.7712685137596567,0.7902716848282113,0.3293565723860407,0.4173929922875752,0.7739679097211197,0.5782987343777846,-0.8599095989375888,1.0491672621509516,-0.03494973160138508,-0.26435264316053314,-1.0792779698298247,0.4918826629561272,0.5699119327996451,0.14485672490606294,-0.8594747426117616,0.19243544570097965,1.1057434492125193,-0.8619530590928516,0.24399166303395103,1.8776449912277042,-0.4285410290045764,0.685785770066183,-1.764584295546938,0.918746006984848
1981-04-01,-0.7284545576320928,0.2853176535064361,-1.5296927880992315,-0.01403463829813189,1.3324551618282674,0.37414703621727086,-0.48442865604069735,0.0671897773638733,-0.22820171126258929,-0.7801760860776826,-0.41227101969165075,0.15871515643907674,0.5252836399423702,-1.9445022747304959,-0.6083523686979618,0.0623581644596935,-1.679939436326501,0.8061884231358875,2.2693963822219305,1.9921197002902629,1.437712865004102,-0.1126212912996246,-0.4868653135783772,1.7636940144692892,1.1639554872617652,2.6645235821634685,0.06651392499996372,0.4931801158189864,-0.8515960218715853,-0.02664558896494937,-1.8619235979832356,-0.046860918736688385,1.2728502144150124,-0.9892115636784239,-0.857113696304508,0.34798456018081275,0.7309636965951136,2.288143704804228,0.03902765319685565,0.5826425305943379
1981-07-01,-0.6355324891609389,-0.2516289053222575,0.5527114304052645,0.9858989618755889,3.0794589338857867,-0.01687591407595505,0.7200161789077213,0.9206535608472093,0.7926431457016542,-0.15301183696216206,-0.1299976852379065,0.6903736080807755,-0.9605978125970202,0.6587927694179753,0.10553319966817866,1.4761664925010842,-0.3807381536679825,-0.45829213843870215,0.15223510648380342,0.15318932300542412,0.42403374685450357,-0.1271590352073388,-0.07833925651567382,0.03525312276603455,0.6822239084409434,0.7340721649043412,1.0577577451338913,0.2837450201543784,-0.24760441720365317,-0.21199591575722354,0.3541376176283523,-0.13537944849931668,1.1615564206326017,-0.8998912201831354,0.25736693356684925,0.1564537577687988,-0.3162169727897646,2.6738574164556708,1.3966848683022233,1.1766065893542919
1981-10-01,-0.9715098619921098,-2.21707837482676,-2.111976750321591,-0.5242098100505954,-1.4936791815511166,-0.6444442609272905,-0.6973801836821596,-0.08986327418990242,-0.2375178884535193,-1.4092062666932237,-1.6916740823780556,0.45314476889823924,1.2163001721917683,0.0035921024869062955,0.24781127409775766,-0.5276408024901986,0.5027187185398101,0.4502052504741671,0.517607588737731,0.371432867525532,0.5811189389523415,0.6461141193161991,-0.2525373190523357,0.20494046619079714,-0.18319780194926544,-0.42734090207636605,1.9004964207030013,-0.4937476614228537,-0.7349107100248293,0.12568255316893112,1.9743960032099943,0.6441024626750784,1.1097294257504395,-1.6324963831373633,0.7286901408174464,0.5286822581112599,-0.8879361421649679,-0.5599751561074652,0.8289768436490443,-0.04164277118469623
1982-01-01,-0.42184082302626646,1.0747734874877806,3.407563116981604,-1.0242593115205292,-0.6234628635781401,-0.06297417810978999,-0.3242922386355813,-0.3214876887838261,-2.279410687654976,-0.15671199521740672,1.007837830962719,-0.6020064045332615,-1.0189738922608185,0.3259430485693119,-0.5051123379848279,-0.7786186704047355,0.29484651331444706,1.3535967835431377,-0.4325891045670119,-0.21237359585722743,0.24595777264607357,0.29528938702928154,-0.269330224759363,-0.14568194310125046,-0.21761894267248422,-0.2668500954252429,0.18061618056343892,-0.05237609419504593,-1.7621080987681481,0.240727583591722,1.422832107787104,-0.45164776540996276,1.3628847483641766,-0.4192597650842371,-0.5677752340106184,-0.5812330624094418,0.5287649420576409,0.4118050755828977,-1.053665133945223,-0.5977497031366075
1982-04-01,-0.7530592467499939,-0.6392062853530963,0.5900989512041785,0.31009301094222136,0.9351217539259429,1.5662619461014955,0.6475389501139066,-0.0125513847815328,-0.058485493771692224,-0.7838763301957877,-0.27185092895159935,0.7498539694645543,-0.25563811349309606,0.6414595013633327,0.47554283776728323,-0.7004410332380279,0.6066548211524916,0.31756143866624875,1.1342073024821502,0.861531667057291,0.3284784106157772,-0.6405326644685921,-0.36934693336404373,1.1624414687900864,-0.17911477682870683,-1.3317404509080883,-0.10547156504283603,0.5578214757196996,-0.9373929942598769,0.2513799012234619,0.2834488827779818,-0.3320172901334945,1.4708089438254766,-0.3006753137168241,0.16862355624277234,0.5727105197832129,0.03142445763332112,0.75402117734882,-0.027917135299278792,-0.3227271926831361
1982-07-01,0.8192382941995212,-0.13187015058356652,0.7923726895451542,-1.0137285371278881,-1.4747536616228838,0.8519185963261957,-0.6869628174106143,-0.7112896629222687,-1.7860836680048873,-0.16402584185380734,0.5627664738694746,-0.15015506353496785,-0.17745622246937895,0.0001745687897257052,-0.15036271077377486,-0.28121244789983774,0.216894436354936,-1.967591358034104,-0.31281141078405594,-0.32494766822092336,-0.2817912048718183,0.10777855938031862,-0.8636028703133789,-0.855067899656697,0.2635948348430917,-1.1132029716436045,0.6268396479782717,0.737774234476273,-0.29121843571699496,0.21729248480189423,0.924485123781942,0.3517812215250865,1.8552866940049537,-0.3073045793452478,-0.07219211192081842,1.0733781770222572,0.18275508397045812,0.6431076618841379,-0.8020377587250198,-0.7417481670766592
1982-10-01,0.06007824377623415,0.2524901619759675,0.6325933884638151,0.1533226372210514,-0.8355768500442436,-0.06713787473890911,-0.1379859160685388,-0.6391775812872877,0.4649396442677608,0.13809976534896198,0.1387826602826191,-0.6733631697691123,0.13548177117419005,-0.876804626213215,0.19994092330228302,0.05451725030500667,-0.32877010236164184,-0.5364205957598019,-0.5384758993235725,-0.48417026224433135,0.000980873531495185,0.23270283804373898,-0.7211830517159429,-0.18963332928504517,0.380098418422828,-0.10867175538870251,0.16242982432342043,0.651705756389119,-0.20194353578378665,-0.03516744307034129,-1.2132623149616222,0.48513408306298184,1.8322078484463207,-0.027873056935229824,-1.0364997063513361,0.4865397551407371,0.9732362528928152,0.9710047890934023,0.7522804944030298,0.6493798550605364
1983-01-01,0.671091710855269,-0.3961938569574695,0.7563417851558674,-0.44423348908530697,1.0970214796560214,0.33615263240697596,0.8904159433266036,1.1580854669747278,-0.5747618101356137,1.0406857090257131,0.67683607050918,1.0384946192428108,-0.17704794810916147,0.40040826193709894,-0.10216888751817434,0.7095765779045582,0.4767346928866397,-0.13780702854741594,-0.9032937754306554,-0.8638955801592804,-0.2968269965087241,0.06259858244423287,0.32355152395391246,-0.5670943691101311,1.2809878347657817,0.1031518016680871,0.8761235530826885,1.5001276933366519,-0.03371711617050082,0.14272626137971495,-1.7919212390723862,-0.2512766846532722,1.604291836596061,0.23916383316694764,-0.5880425683382237,1.2567407577856904,0.48665886599703684,1.5649000434805036,2.780549395607343,3.122724033893288
1983-04-01,-0.1214804579119124,1.2317580511011221,-0.6976290961133084,-0.400743384682481,0.40001108261171087,-1.008391943111389,0.14695083863305122,0.06424239749677182,0.7852311544857263,-0.4904683944571003,-0.008237518411027222,0.43464321764078745,1.4034880622562105,-0.7178894589280258,0.37113507733759826,1.0821243733241406,0.2688624876612768,-0.03322966704373046,0.38252308193569207,0.17431009718838752,-0.6770346068462942,-1.0987289328120269,-0.5063902233291805,0.2688869517146264,-0.426658302888146,0.6497965946972418,0.47909720192354066,-1.0159781481011643,-0.2131832512387597,-1.1003992062443309,-0.5911159304800696,0.31497796573884385,1.2923039803752747,0.8171728490170022,-0.5999005241554706,-0.10991238539061446,0.6672896821113068,-0.3615167286669235,-1.8939516080693128,-0.5909845911352619
1983-07-01,0.7823658181297711,-1.0135774850564698,1.4917278259691809,0.26223909558468417,-0.23354798924704495,0.12015866471421018,0.5852421999357463,0.5985447276100024,0.09433486287501022,0.4072895560682575,0.521394263768578,0.5003718455047993,-1.5633448281858453,1.8953010699314263,-0.006618228819529396,0.4223739201933077,0.6066548211524916,-0.09893025126120157,-0.27491494123050825,-0.35722732276434493,0.037267544662896654,-0.09908805996505539,-0.40531478265657045,-0.3918971468237006,-0.33415843119394445,-0.34652998219997094,-0.40445663539664695,-0.022897567850423295,-0.5835213711269126,-0.3302366414695364,-0.5950383298334505,0.6377147840209167,0.9401825225926935,0.09501254632168925,-0.055593528458287744,-0.17202622328087983,0.09892610302684136,0.593061579441939,-0.9642289643634965,-0.06279094103482667
1983-10-01,-0.6309123395724021,0.39380652379236825,0.3208726627655959,0.11710825491240782,0.7051125827746263,1.7684478055390054,0.590595894459973,0.7404797163185034,0.08727302476197471,0.393256566414547,0.2469987101618137,0.634591593634319,0.5857361080076537,-0.7841646062572956,-0.32172917713166643,-0.04937687673156021,1.2302714368285805,0.21910898722789596,-0.49170154259264787,-0.4373344047481767,-0.1648598270507455,-0.25379901176659125,-0.25048962663306334,-0.454032216098944,0.2612314805437759,1.1651329334297407,-0.11335244420342391,-0.08745617645029664,-0.3199859030501654,0.16616136016954272,-0.20966841162570007,-0.47736268577049207,0.7796284517210488,-0.22762144644268792,0.19434729888737304,0.3925663853854371,-0.21480568715849718,0.5575741419608676,0.10649204690378476,1.021285947336745
1984-01-01,-0.12579719327654432,0.48850958876643374,0.3813732140806602,0.40472079792588367,-0.046217782947615874,0.903432975370767,0.3217223517718148,0.8762330991113157,-0.08278110507703436,1.258040273803886,1.783369611836517,0.2028681719248548,0.417298315064111,0.31086636151779806,-0.0868312803912767,0.4821157914308301,0.8405110520310249,0.09380196206250738,-0.8407517417928166,-0.8016792315310662,-0.5655697339430279,-1.0987289328120269,-0.351582697005608,-0.6622469342515492,0.13135712234138336,0.2214681012103595,0.35335865807824013,0.1256683583940815,0.10255962597547102,0.7594954522574549,0.48403791369672033,0.2537338927334497,0.735128528518161,0.6302765115853634,-0.8552487456513502,-1.0822020689010023,0.9524797188456217,0.46430349646526653,0.19200293366390248,0.5624449488720008
1984-04-01,0.04560939172928747,-1.6957657078954838,0.43963193187953553,-0.4493074035582483,0.9868780275023271,0.22229856690181038,-1.380169822014472,-0.23744071368646996,0.2367271054366866,-0.803841735622335,-0.9226561475208279,-1.9384518652038447,-3.569597629026208,0.38506267248002063,-0.10354575385053773,0.020131190899981843,-0.27680205105530103,0.3412864834035301,0.24983528305177102,0.19018928193607693,-0.26924713009006607,0.8316409429407794,-0.32952739602102726,0.42884689170464574,0.42474378206369695,-0.23591707091446143,1.1162973510771201,0.19094985592108712,-0.2578058909955745,0.1491176519587589,0.06190663258709577,-0.4402007620403923,1.0048927151601883,0.5631036661596216,0.45017534909586593,-0.515606350420608,-0.002159594149116003,0.5670281923708578,0.5289066843883001,0.4384255890210585
1984-07-01,-1.2073530134895796,0.3362936344946033,0.24037597618904538,0.5639341159209669,-0.17504097111771386,0.055001913227396074,-0.1603821344868929,0.425008585036744,0.38536741963061183,0.35532283200267256,-0.029129480527840763,-0.6615115131848842,-4.706437063899453,-1.3294106289574628,-0.5660776829319163,0.8292469258377864,-0.8484506154250492,-1.0815192185685203,-0.30873255410420436,-0.24995635687904302,-0.5140714281445681,-0.8275201915117628,-0.5947678353094634,-0.9968889587922407,0.07914072677886375,0.3222071198529099,0.3752993037728832,-0.05188021005290431,-0.38525069023039327,-0.4825647836034169,0.22080335660565695,-0.3125640787657922,0.7920930123683843,-0.13688415405449791,0.6728517094143871,0.5254453636774687,-0.4235556120369688,1.5594313466249472,-0.06389325894897684,0.08706635900297238
1984-10-01,0.9679081969226095,0.054469791192703135,-0.7246395287081795,0.2760158007955401,0.8851414467459159,0.2093879633291255,0.8413716086731333,-0.08986327418990242,0.37089255715536196,0.9137728934098608,0.7245798562713325,0.5789024757552576,0.47998596837120644,-0.47435651127892303,1.2006670748750803,-0.0627320080404607,-0.8744346410782197,-0.7672439233908467,-0.053629429964731905,-0.1919068860731322,-0.37203404507381327,-0.29173561118492053,0.8339836368277163,-0.36844795005398284,0.5240013806697105,-0.12194259102653722,0.7696122299270092,0.4759040356733084,-0.5257126097495733,-0.3036058473901867,0.6646162453272358,0.25405312201216407,0.5541265034503495,0.6824874330839524,-0.6194496753015327,0.4553094756099777,0.8806522445216548,1.4308988006173056,0.3811949706263998,0.8944816898482428
1985-01-01,0.15209760269678646,1.0166835360431017,0.4344147256268591,-0.0020088455205769613,-0.3551352837113763,2.610459041422425,0.46036192363598455,1.5701036356288502,0.20253708712464438,0.04133644309231302,0.21132987772275236,1.7712052425480649,2.943086444788874,1.250125161970319,1.5150084721237798,0.7230461242539963,-0.1468819227894492,0.16983877714990825,-0.3286865519329142,-0.3394232942838658,-0.13753827096800006,-0.43370178493280837,0.5063277387355397,0.030146127918750883,0.31396187705017314,0.8925475199092064,0.3964475628736931,-0.011589660343240795,-0.07499466891082163,0.442056386831606,0.4495656708188463,0.9731719929334268,0.7830063307924898,-0.10076596255411861,-0.6329310701048456,-0.3606270897643455,0.959505475030005,1.8292470191878032,0.5724383416150306,0.5977611839276117
1985-04-01,-0.0690237154831268,-4.419562644717412,-0.4661139342035743,0.8673965284196975,-1.321438796634182,-3.39809013328816,1.0357754976650904,0.19399597481986183,-0.7294529325224395,-0.24819169351795892,0.5739399309460544,1.975882297002122,5.3725477825446015,-1.0162370469420736,-1.0087396028136624,-0.13976056793472486,1.7759359755451583,0.2035926278824034,1.250659228498662,1.0451284103396632,0.10374323115374022,0.47047927563488195,-0.6640020301818347,0.49489935865187057,-0.15923373803634036,-0.5481695674726363,0.10175859308150292,-0.06064643168605421,-0.6336567219301722,-0.6306319986846015,0.08737534897025864,0.28135577488802366,0.5881139966905653,0.07983162834727098,0.5077864187020996,0.13634891124184073,-0.01939640371275614,-2.648755143868635,-2.0343099470011907,-2.0120005041730766
1985-07-01,0.7449725090516852,0.9715439515769031,-0.8598052832871103,-1.2609719806571664,-1.098395210335439,0.3753851781383841,-0.5943246210752668,-0.6589905087421946,0.04172687041102401,-0.2526715206138538,0.19704456004672558,-0.7589446273580923,0.10313973546732345,-0.8684694298577402,1.0968574916885088,-0.8500119262114617,1.749951949891988,-1.3270555251993754,-0.6730504620972627,-0.69680106633559,-0.4634319617101453,-0.45576157798522293,-0.4369931528459312,-0.8274666984385035,0.4188271197501931,0.1019383480352657,0.4039692224811595,0.48772402814130755,-1.3979073949763232,0.4985136702798274,-0.5696215331709286,-0.6858519273648241,0.7977946003504098,-0.10380126600827985,0.2737438418315598,0.6162005841630872,-0.35663240630139686,-2.109809091416214,-0.5508333586586543,-0.9998811156651658
1985-10-01,0.6034433863027352,-0.11597658220200191,0.8905820128687039,-0.16892116530522078,0.5788694784063897,0.003648552124292729,0.1048167884271285,-0.8817295132598985,-0.11633917293103302,0.5770268933969506,0.3118913136973269,-0.49131558593585933,-0.8699786176202394,-0.23805899984295192,-0.8700163041284087,-1.1496936672731202,1.20428741117541,-0.5120231308462478,-0.7372662780424428,-0.8289776930184171,-0.48404652055853337,-0.20898462235292284,0.14231055486314229,-0.6408953721905513,0.3727517352987502,-0.00980851462419142,0.2383669130117458,0.3943936913704502,-0.31498643458490305,0.19492261777524045,-0.43597352208877393,0.07740762930638277,1.0615920097672298,0.09397299955338087,-0.5605539543274729,0.5501669379388943,0.6303482151890459,-0.9754125228165184,1.2245701706842622,1.734233167919508
1986-01-01,1.9782428214327936,2.3381960788293314,-2.1078157926181382,0.36405067994825474,0.4322207241010997,-0.14985607194474151,0.8541284080706071,0.9160865684338069,0.18190862376912323,1.1076286012206047,0.1854584656034312,0.1910054588659236,1.401825778777602,0.3945532349785888,2.547482787017502,0.2998416550905681,0.4507506672334693,0.14113213710855224,-0.8005457287230675,-0.7006619409399398,-0.5169813549403492,-0.9725975428686874,-0.030500215423019304,-0.6432923627034356,1.307042293496998,1.183615488864883,0.4713546793073639,1.262587323051315,-0.49521573906159605,0.13100871198480107,0.5259488633829342,0.5692421764978212,0.5384620793569102,-0.3876320245546172,-0.6911987315206349,0.5979701740475022,0.7287790195589801,-0.10442801849663584,2.338527787284702,1.7010418838691328
1986-04-01,0.6738465382975899,-1.5958389040043555,3.140400869172596,0.10698193112641284,0.7076218035344707,-1.1002343870568714,0.5683388533704056,-0.23249704740072827,-0.12510240545965365,0.5370652988402281,1.23439893877283,0.6600712940881465,-0.0391535923082485,-0.08006519533445378,-1.608628728106341,0.7862689164260513,-0.17286594844261957,0.12525678875544974,-0.3110912453684837,-0.382575350726645,-0.894729585721022,-0.8471880506156065,-0.13369675711057535,0.0722611050222197,0.7563824629289414,1.5192714259643583,-0.04812229400656576,0.2114075839741772,-0.6860385947996015,0.8745404826802458,-0.6027175420502007,0.8395411985787654,1.2181588033834032,0.8356513673869127,-0.7500880545882969,-0.1294319373697575,0.8897898428939427,-1.1032639920489695,-0.37368165946753745,0.8591186511696997
1986-07-01,-0.2536400382675479,-1.2201830569239875,1.078214953974344,-0.33697992875424554,-0.191454634116626,1.9664802896183748,-0.048014193585205235,0.1950512179767091,0.167580798595433,0.25229591126047596,0.7403701778070687,0.0505443150927807,-0.4698923022319769,-0.1587405984954635,0.3270458728119898,-0.3515082022583907,0.1909104107017656,-0.9642338467067915,-0.8652360201977766,-0.8979745151996362,-0.459728810051731,-0.34981597448558616,-0.29424829013592063,-0.7679261374750411,0.4396651719507675,1.780797930701567,0.32962901251557886,-0.5656155305983248,-0.3607447091464817,0.21729248480189423,-0.7981512873589055,1.062324061131012,0.8944561041150041,0.47368577045331245,0.5129755191173521,0.22956630161780517,-0.3623208347359241,0.25089716425417113,2.047974708833655,1.7670588320660616
1986-10-01,-0.18787285941231083,-0.28497565050352425,0.8682159352451904,0.4731477426530059,0.012959167882427711,1.4198926545182482,1.1316012867793113,1.865949537495433,1.6009667589334582,0.7725233932935968,0.6089318482289591,0.8424668439008218,-0.8166972396387324,1.3959314337370863,1.6940205546409042,0.6232406209951803,0.8664950776841953,-0.7179251611811531,-0.08141015874668515,-0.2031820587203465,-0.4590335630936031,-0.48107088664363135,-0.4864248449746749,-0.6374398251426057,0.25456330538163713,0.19585705623239483,0.9071233619719745,-0.2898325776960491,0.16504755571563792,-0.20560452517817962,1.7895205513680157,1.3414074620064558,0.8024271913982205,0.5275319427729903,0.2240069549179893,1.4607147786516612,-0.05839281113976425,0.8223249014827543,2.0564460244058442,0.037930003926711225
1987-01-01,0.6620253800486058,-0.34246425409541303,0.7874223380500424,0.46047774762093374,-0.8192233890294066,-2.064547502908394,-0.07403317952439173,-0.29625983745107526,-1.291652108378417,-0.5658613960751497,0.48297605716388947,-0.019153044129422474,1.4892128019322524,0.6814030297603764,-1.5669770380331958,0.804898326574702,0.7365749494183434,0.3058907240879057,-0.392020956351691,-0.4013630555404699,-0.28994738890963256,-0.001325814844737857,-0.19392827911835134,-0.6124179344971665,0.5089709299831682,-0.2611136102646964,2.823604382704635,-0.5135207073640039,-1.1900612380763131,-1.2005309919826859,-1.1952284065650727,0.4349891517173583,0.7191920662784472,0.36694560747378124,-1.385662188311922,1.327294526870617,1.599820450143457,-1.7076281528634234,-0.004404560941462568,-0.7764247108853936
1987-04-01,0.8866562395028729,0.42236157296911053,0.37074568595542057,-0.6921635640712882,1.1665950870016326,1.1756573380559916,0.4788102850913056,0.4588891617974146,2.2449137108805077,1.5270970239343724,1.3441883698690742,0.4355108873673206,-0.6895000944058717,-0.23468940801175034,-3.4983368065072433,0.4489257643827583,0.5806707954993212,-0.14355889067792157,-0.1058058375820361,-0.16258018123913429,-0.7692737081142955,-0.13836758723878162,0.3152872755435359,-0.02404802827070384,0.7179704230152077,0.37354836301838584,0.45626730850229114,0.4454711994452737,-0.8473881785496555,-0.05327638304429911,0.48749423456679974,1.1771836440060737,0.6244372149591693,1.191050141098823,-1.101997653931654,0.04069576557523488,1.1637265827523071,-1.4277265284363025,-1.4133588157377668,-0.033881921187442314
1987-07-01,1.3735943875877996,-0.728032852985836,1.8045439515063384,0.7152382076511307,1.0463774756614548,3.0858984764992026,1.672216913479338,1.2595268868166352,1.0581430208551437,1.4846563424002568,0.7699265017542666,0.7486243938154699,-0.23687594864949513,-0.2347744094951101,0.7407859655211632,1.0134643252688087,0.9704311802968768,-1.3909289561037719,-0.6983821315453628,-0.783367715021167,-0.5252235450147011,-0.03479070474777075,0.37630967835048135,-0.8455939522929297,1.1620268090726027,0.8974256833765852,1.3771371127675296,-0.06844307890671282,0.03891822800194652,0.19492261777524045,0.8841395185190906,0.5741577601204261,0.5924009053480471,0.5126018067558629,-0.7184107551653419,-3.8537521409608697,0.878127094813789,0.26779373170649384,-0.2161375965540235,-0.5009422870323835
1987-10-01,1.1104127477537835,-0.7222925624934098,1.1428013680781606,-0.5059722114404628,0.1801089349231756,0.5466062001482166,0.36137941805734,0.901789516135764,-0.5747618101356137,-0.07508891038413491,0.5401722492849937,0.35689427590820977,0.22169735685880354,0.44716043477832185,2.825143849095662,-0.28121244789983774,0.710590923765173,-0.19126517560352568,-0.3543698942170627,-0.3606016884990896,-0.22299897225301238,-0.5149905625922058,0.5824718814158671,-0.35049523412762484,1.204361106347013,1.0148023866430336,0.518566687098952,0.6984661483830955,0.1614258886650227,1.3048941150025375,0.9344557282871125,-0.22506723625874284,1.1639985290111663,-0.779030081868521,3.395937407745243,0.18375262707948375,-3.1247046230212314,-1.879871497430484,-0.38151847691009483,-0.16743286510235156
1988-01-01,1.2028612960626195,0.535145661828966,0.7962922496868141,-0.8540706591176879,0.0004190127535634055,1.3798484204204042,1.0519490625312857,1.1421593439629851,0.8856203442811728,1.6776256544159533,1.1465523975883898,0.5394681052531737,-0.9308731782209139,0.6656470501116304,-1.3503240569348798,-0.3449716359665911,0.9704311802968768,0.13164163677600077,-0.8759034407310866,-0.9084903297666511,-0.40079650446528325,-0.1753704851354253,0.42662774042840035,-0.6024559369303559,0.6913690454446507,-0.04831090047318031,0.19612008459477825,1.2178320349078173,-0.4377483480810347,-0.01812373485955746,1.8406870769825159,-0.27380988817327295,0.940469178940789,-0.09443915849912503,0.20968206903732714,-0.28792443918487554,-0.3203925231920084,-0.5579120915389588,-0.36813948127849183,0.4243872270149663
1988-04-01,0.3528924742109469,-1.2735429767217372,0.16419540254458428,0.2585627727715326,0.9249742068638644,0.7819355685443868,-0.12183723215446075,0.2937736188853504,-1.3671161562877854,-0.5965361441923462,-0.41227101969165075,0.22237854903981333,0.19554436849140663,-0.23327291868297173,-0.3351237738755936,0.7270689373576991,0.8924791033373656,-0.2075717544114389,0.48136250163158467,0.517205141640081,-0.49146237049583874,0.03756871844085562,0.17605496556137196,0.4214813862852036,0.5961026379253493,-0.6134698187681904,0.5088975163538804,0.7680677550509473,0.12924887919994085,-0.04155883364938523,1.7529346723288028,0.38088188176971666,1.802732170802524,2.1015756844260642,0.04916506870425419,-0.4329681171536204,0.04652571790274539,-0.5622276768311482,-1.3042233670264982,-0.3132244622129948
1988-07-01,1.4496646329156202,-1.3758105792809987,0.16200171171930527,-0.23241400898017003,0.44570759804448185,0.16968464288378643,0.8312927049028277,1.5435973604519062,0.0862265857262388,0.8852448133066957,0.9108588492959891,1.0736528726182473,0.865892408257915,0.5829283728735665,0.9053571130021039,0.15212968354491616,1.0223992316032173,-0.8600977204233541,0.06135483037167183,-0.03970355649167149,-0.15636071879854763,0.2394618382166935,0.5809869420923841,-0.4366306810878447,2.369942167797638,0.209068249574739,0.6639892921401589,2.747786610160134,0.9471265005776975,1.2175451104222703,1.2514768730850883,0.5150931764072645,1.5620376204905762,2.7132201555977615,0.3866149192929358,-0.3684713910420545,-0.07278780363265776,1.7766326702755615,-0.3333825076576971,0.21369789090622157
1988-10-01,0.3098416770217307,1.3223973310692492,0.7633735446467972,-1.0333931119389579,1.3862374536682227,-0.18931447296225679,0.12580597637342084,0.5262345971703952,1.1119041045930609,0.37404496024028644,0.5885694715074987,0.031082519814882803,-0.7156799937812305,-0.8258772496769852,-1.7424652030974668,0.8122378034551961,0.8924791033373656,-0.12078498383213315,0.41935780554618074,0.3413346192152131,-0.11058113676892727,0.4289070730279056,0.6778226500055574,-0.3246419061409423,0.24156840585033146,-0.3606283674074229,0.054841814542568916,0.5146434469029949,-0.8052956951308479,-2.6332677134517013,1.3175113226880237,0.40615879392407045,0.7890255158185581,0.937738159386706,0.506577719129476,0.858163622516685,-0.3019091882983163,-1.2776011018878997,-0.2727966908213162,0.0019505827477832242
1989-01-01,-0.0965045185815583,-0.7508711488059734,0.6467342747551257,1.136741421328851,0.05722416895905513,1.8856785590927996,-0.3590165054531841,0.7617283179999941,-0.0647816161990569,-1.0956216950074342,0.08276954029772186,-0.08987543235438852,-1.0671262908784134,-0.5322225893662704,0.7272348604206264,0.1954375014472164,0.6066548211524916,0.23237040526263877,-0.14139980637795344,-0.13396283754445804,0.006964053298568791,0.07719836000690573,0.10463716926632916,-0.27439044058820583,0.853345401337184,0.6013507347284119,0.40483179275292314,0.7804961391412241,-0.9037676153831798,-1.497730653908229,1.156284283747945,0.34357453832519574,0.7757807875847873,0.46528378663979264,-0.6416202219277009,-0.14539280306989505,0.8809407543908494,0.5132316343044685,-0.5603458257462688,-0.20782886500156816
1989-04-01,-0.03663706209952866,-0.5682079362384408,0.5360709914457849,-0.9491338500256725,-1.103786170188388,-0.9421085677824296,0.04672515538119046,-0.08986327418990242,-0.06889440446010238,-0.12331561347733475,0.1771376980290894,-0.15015506353496785,1.2730988784717658,0.2891920332914543,1.2266360016663331,-0.399849472670645,0.39878261592712866,0.34542697993701316,0.8300268807867405,0.7809408491076436,-0.37808512466542205,-0.571074944171377,0.35121158249558593,0.62745266548599,1.0353235211075014,0.5221960515613455,0.7511706583055937,0.43682096413901117,-0.14102710385804051,0.6231457865711842,1.4914466420823778,0.0931340596574181,0.5321962047990882,0.8199599944411087,-0.0033115013155999616,0.4589587892739299,0.3341804924042309,1.5464873481748707,0.7609220707498824,-0.18202930240934823
1989-07-01,-0.7273936450393679,1.2239900415905853,-0.29018090726544016,0.41337950000817364,0.32544619315834705,0.24809889237482893,-0.5129693066171844,-0.02951536196987741,0.42489629229169745,-1.0956216950074342,-0.5101576190910915,0.21013748640121643,-0.6204520927091894,0.28625795570089274,0.17738031803592727,0.19126237006327781,-0.016961794523597324,-0.547589501763189,-0.3834545021717511,-0.33445723210690204,-0.20628752673307987,0.4593490989323014,0.3116388902568538,-0.5824603628219681,1.467044847513396,0.060171251263265585,0.6645733644761188,1.29079033197188,-0.13821097996466053,0.5890583701496165,2.3053891046843793,0.46489192062060963,0.35438109574244286,-0.4445162175709419,-0.5838928600829368,-0.7964664518874729,0.7038578367850977,0.3473714928748175,0.5528833330131481,-0.43238837429426547
1989-10-01,-0.10337020892655775,-0.8914758189816261,0.2886432297956734,0.5137735104012929,-0.9821275688610657,-1.0703127561081327,-0.5042722176828828,-0.02957865292247473,-0.8231867619223652,-0.3702631888173435,-0.6084608560329424,-0.03058180122682868,-0.13815983503861226,-0.01105314242640879,0.16176004103208044,-0.22253920127808785,-0.042945820176767714,0.48845109005390697,0.1109554717756495,0.18503328298456148,0.08683116865160509,0.2224366753734752,0.6813700172422051,-0.14135267222098877,1.1194530295966831,0.7195963021865935,0.32090727878573977,0.9486824872853528,0.4905474986510177,1.1365874964210472,0.5039098558234761,0.4404564651334793,0.5562997103851245,-1.548256087211054,0.9798511288330272,-0.48614785450026027,-0.7761707543500398,0.10076476597714995,1.5596254267521643,-0.20162926606065942
1990-01-01,-0.44967144738123144,0.5865509712130971,1.177216556426119,0.3909920812221972,0.4578486863759194,-0.005314026053521463,0.1882126786592556,-0.0296418112590974,0.4130888158638853,1.0608639590373448,0.17463664085245428,-0.569807449588614,-0.999482023813129,0.5749188322022439,-0.9606188721295353,-0.3398856945215876,-0.27680205105530103,0.7912887772252808,-0.10645435924772635,-0.09767858959193071,0.23974978012330042,-0.19934775697703605,0.49462492806848807,-0.20825769911144712,0.5830645658874708,0.3478688208212556,0.5786359209467848,0.14761592944197668,-0.7704796395008162,-0.1257121429401304,0.566853942877599,0.4440989550098784,0.44654869377923356,-1.9768947276302948,0.3950359580641687,-0.5261343223931279,-0.042385491579373775,-1.0144258010133171,0.6404125923686105,-1.7048191391899001
1990-04-01,0.08236899849926226,-0.3625805757391153,-0.05218766961583787,-0.381950965063992,-0.546123044613917,-0.8361088629730008,-0.06133886536907902,0.27014655257531983,-1.0667425151942207,-1.3337960534204203,-0.6073540007592803,0.6266602732396925,1.3006825124785226,-0.6714690929013739,-0.9936374237735188,-0.22253920127808785,0.08697430808908414,0.3813571666151678,2.117844285908397,1.9479237353134293,0.1925797919692035,0.373490838514435,0.19214504828482604,1.7462449548603578,0.5944013776098476,-0.4011968887558862,0.4910992520648734,0.5259735234667073,-0.13340103300655648,-0.8255694113454416,0.3388983710639095,0.10535467053762544,-0.08631377866255249,-1.2510410677746608,0.7775948801418582,-0.47722233975440764,-0.5296199349739835,-0.30366042347399147,-0.04663103514940298,-1.3712208336595748
1990-07-01,-1.3469368947635734,0.3510935623911837,-1.036053694742677,-0.42541468539629235,-1.0476175179418856,-0.5723889400769974,-1.8785245639629622,-0.7516133272274577,-1.0706317310765054,-2.0518926467881076,-1.495176534232121,-1.047463457680885,0.20759461711969715,0.426919951263585,0.7444543409346938,-0.5754333553233791,-0.484674256280664,-0.7266964228097198,0.15664861192218618,0.13593586443246017,0.3387813079565594,0.6255923360692072,-0.4462679748730687,-0.09851099297764097,-0.3526691634039579,-1.0423921788703696,-0.3552884279571432,0.19479339229569065,-1.2727945177615247,-0.9225055017942746,-0.22523040652308934,-0.20714609962841227,-0.4166016540334437,-1.9691532943071839,0.6937409520315472,0.0833163729235829,-0.6225763150172701,-2.414444391250088,-1.601298310492644,-0.9828282690441899
1990-10-01,-1.0383826117118977,0.42036436794866144,-0.7174058651442512,-0.14567824153625455,-1.0432598324398124,-0.5955223329126005,-1.2234089329402638,-0.8205686365257236,-0.824174537688092,-1.3355881862118135,-1.613288832448174,-0.6956751767387286,0.17160893388900927,-0.08588675447681292,0.5096753796279092,-1.0563541480983494,-0.8224665897718788,-0.12282434068484191,-0.04639526665496084,-0.12528712457917812,0.33490662335891697,-0.7215969673029985,-0.8901461601179828,0.09086036053905794,-0.8384299059137116,-1.396456313634361,-0.18080923456358716,-0.31996102229949897,-1.5703935263298445,0.47933949854269564,-0.20365989945409563,-0.27763912722975914,-0.4433202999172398,-2.3496741143280495,0.7431682921034453,0.9787754993296437,-0.9728813089093599,-0.995859827707014,0.1518447698848113,1.0276422298838759
1991-01-01,-1.026071764702642,-0.05202490493793542,-1.8588485295204382,-1.4595339153967815,-1.4478348897918665,-2.133381246997348,-0.6639885036331422,-1.266152292854032,-2.4776544929268547,-1.3359498540070032,-0.8172904551063016,-0.7627236602071542,0.10661511873813671,-0.37753693266082033,0.9508826991283861,0.7881501597222152,-0.9004186667313899,0.3412864834035301,-0.8677239676646324,-0.7552980725179321,-0.3195864823402593,0.2044926794641304,-0.3372849774461968,-0.679529690742942,-1.2069274962453833,-0.7811992355896539,-1.11815062099266,-0.10317814442183493,-0.5929653042241274,-0.6285015351582535,-0.4134153861015963,-0.5303524092810221,-0.752349677360821,-0.8994913673427934,-0.6476238149778317,0.9055946534098901,0.6160840130328319,0.3911879751449539,-0.1032755124011826,-0.2645948053830927
1991-04-01,-1.3008529396486366,2.149122626401426,-1.0535983477281177,0.6468066019150154,-0.3586766787935781,-0.8976529827565906,-0.9695071263376503,-1.0994414740034766,0.06597122090595081,-0.6153270448034859,-1.0242827211796626,-0.8319812730500623,0.9314651588733999,0.060055735669893376,-0.7600250127252018,0.06905118128742026,-1.5500193080606492,0.1641419090198445,0.28892410059369644,0.2771210956919859,1.0688364089503706,-0.09254708123618233,-0.5949615390134482,0.7055747510508905,-0.8749190042140881,0.6045817035798438,-1.2187078104575773,-0.40185863665758537,-0.506271362392595,-0.4218465731024995,-1.5063626399478713,-0.4905492107031456,-0.8051167514610981,-0.8018074900351729,-0.8361340124893251,0.9834080523138206,0.8688813101464274,2.360580395518788,-0.4281699839486711,1.3397234124945687
1991-07-01,-0.2693889017902752,-1.2427258439290017,-0.6066042485739364,0.09525139743800719,-0.23684641447929103,-0.9729600402952965,-1.0220465262508605,-0.7299743558176945,-0.4473968560475015,-0.37788138353536,-0.20766474343401634,-0.5885014686819504,-1.700032035463095,-0.9644624237317527,0.23660309302996144,0.29590427859578683,-1.3681311284884565,-0.9598868311836973,-0.6963480244287401,-0.7173988383423939,-0.07418552205077536,-0.28676427437515484,-0.22596434236986304,-0.3991369092037617,-1.2481351868658301,-0.8838141769946585,-0.6775467707528495,-0.9507357904522458,-1.0354203721763537,-0.5837618011049459,-0.8956024904222762,-0.5963251472596464,-0.9379423387946093,-1.0981853541233957,-0.09334855879343548,0.0477603139516745,0.06162303824583939,0.2917656921614867,0.06325524918286132,0.3207858419959207
1991-10-01,-1.1337963953913333,-0.6633844319576065,-0.715919939287646,-0.4582410582740677,0.04200514948134453,0.01379084855776739,-0.5029795567221023,0.29505812699526934,-0.1942112900364638,-1.3345096847234865,-0.5144984897912941,0.41279212032616136,0.7462429850250082,0.06195110517582224,0.914321633163217,0.6253845157442237,-0.8744346410782197,-0.4210081951661146,-0.3937553445778304,-0.48931149892292447,-0.11013893418384903,-0.11972383672589157,-0.709064564619407,-0.26141247331167966,-1.1977111096278168,0.5264360042499723,-0.6534942794154559,-1.5607031768649804,-0.6973211941219832,-0.6103925951842957,-1.0619304953109001,-0.7087892114183098,-1.0794676461227537,-1.5440963518048039,0.4724477622338563,0.4346553401619736,-0.5508052760978347,-1.2233727189452053,0.30328159174347347,-0.20380562021084964
1992-01-01,-1.0818220216543972,-0.16415809768507586,-0.4596627564993196,0.02555843990319079,0.18869099725036131,0.08402096994246967,-0.3875891905163003,0.10163511872831527,0.05440312690471506,-1.5744740167634559,-1.0288296734762323,-0.15015506353496785,-0.318304220904134,0.8617794953193738,0.5330843528584526,-0.5059641173794153,-0.5626263332401751,0.2200053571162788,-0.7882923512631064,-0.7685479653810298,-0.3866053531724153,-0.3957502021084086,-0.7187024608250322,-0.6506848610192972,-1.5440106562666944,-1.240523526335743,-0.8194839933102757,-0.7460734351905638,-1.6921619732385262,-0.31425816502192655,-1.1735735874532915,-1.2076114335099086,-1.1361026794598241,-1.547109717231695,-0.037279692631994724,0.8061915199146903,-0.23587703642891972,0.005153114884002619,0.11927515095396451,0.017586973955752018
1992-04-01,0.665965333982826,-0.013665425018991683,-0.72779029768275,0.397640918109433,1.0417198740794447,-0.39882617553077787,-0.8729358564344203,-0.08986327418990242,-0.4496825696135278,-0.6167693732514123,0.408591684982625,-0.3996404498616014,-0.47222505709850415,0.9179254072891293,0.3025256485363583,-0.056460778420260205,-0.3807381536679825,-0.7296513016719061,0.44676693779345283,0.40267450774772495,-0.7049486681203718,-0.4031696411720937,-1.333367786384616,0.47376476120122923,-1.3458826279954572,-0.2836116812905826,-0.7001025625880083,-1.2614097498474395,-0.8187402727734543,-0.6593932562902992,-0.7856519633026563,-0.14040541592517491,-1.2497337973514846,-0.1954565441860646,-0.5001330581782438,-0.9433526437133881,0.30031621407149833,-0.4885701712972969,-0.5354160276986306,-0.8756118976961876
1992-07-01,0.15947809045837968,-0.5129761599380122,-0.19847397139800924,-0.9692071357835068,-0.7576581878392051,-0.12814483141668598,-0.09740305374466592,0.1009992623518324,-0.5747618101356137,-0.6182030649827829,0.09586404319846208,0.40959894396549457,0.7908508994352762,-0.44418724968552026,-0.5052184817842363,-0.3934322048906582,0.11295833374225453,-1.4862790777265935,-0.9216632560417689,-0.9554625454884006,-0.7341720612968299,-1.3587041461878357,-1.4920476250389312,-1.0330093053849867,-1.4241774774320397,-0.6548292501209321,-0.25997355819237045,-1.751883075540164,-0.5714798730003425,-0.20986545223087558,-1.1026058062381305,-0.8804426355620923,-1.297013921160686,-0.7456555696856494,1.0159866561157511,1.472208691544407,-1.3457260184249022,-1.2123216939770427,0.984934732878273,-0.402290454974703
1992-10-01,-0.6003621622946141,-0.08236644716892762,-0.5204960020988795,0.7616378577277403,-0.04602548015020474,-1.420551745871406,-0.03827063621154202,-0.2170345232072346,0.5398676464132481,0.09170846176428246,0.2929034754973445,0.09680174609215096,0.5270932269613466,-1.2399762015802416,-0.8093947758428806,0.8272184355295333,-0.016961794523597324,-0.615024513232094,-0.7959203994571742,-0.8667413740714521,-0.5605517775827648,-0.838753719436218,-1.0983469796641157,-0.615567515433407,-2.0870663587815885,-1.244969675710927,-1.133194156700742,-1.3550421436767979,0.1576752565799976,-2.3690902361845523,-1.0614818793585987,-1.010273188263197,-1.638342170231894,-1.8995307726815909,-1.1690399824984148,1.1783648423911137,0.967743209796904,4.138581876189061,3.0804297669978578,3.818513852508241
1993-01-01,0.04587712882893911,-1.3848548353383767,-0.4152499492213428,0.08809249006925281,-0.10050699523203487,0.45703126957969703,0.08733161374334915,0.7317647381934381,-0.5747618101356137,0.31760206029894117,0.9768663499047368,0.03433524753030714,-1.3682338178307476,1.4921939660245394,0.6960625056454796,-0.11753644666499216,0.06099028243591374,0.2112745395034662,-1.7654982277984834,-1.5804054120305104,-0.6633239931731203,-0.15416560752397054,-1.3609683304519113,-0.8483533905365022,-1.8161027360185993,-0.5896250360890598,-0.5275848931132089,-1.99455108636223,-0.5463027297468905,0.8021047227844145,-1.535597820939525,-0.415396786154974,-1.6760501300389503,-0.5407809178788211,-0.8437045312503451,1.0377278957354772,0.7101028911818684,1.4104363175892591,0.022131451758779445,1.4265751309184613
1993-04-01,-0.4356463403236484,-1.2570758094113412,-0.19934272604799955,-0.7517394578063895,-0.7478818672596043,-0.5856324940386005,-0.14156658828917154,-0.15265015220733139,-0.08565821446288895,0.3051870499348732,0.5631594095198318,0.03371649742120625,0.7183259603620921,-1.015090630936796,-0.11011648418896955,-0.829394229156852,0.2688624876612768,-0.24801356819886242,0.04565188111381915,-0.06704488109517705,-0.5486711322661798,-0.8434530895749801,-0.38297324340903655,0.1543908217860964,-1.6433745206679031,-0.47588005901728603,-0.8936679991744207,-1.4061229950951424,-0.9616443637622029,-0.22158300162578945,-1.1187111751569077,-0.7151502692838283,-1.5257644951328768,0.5888732491020925,-0.8981189948220818,0.2990175034864841,-0.08582802989121381,-0.8992104658724293,-0.9254615141532714,0.9448351314479901
1993-07-01,0.8746875427049251,0.6410854116678998,-0.03671958284323715,0.1498189709519865,0.26467132773064883,-0.15213086633170264,0.28546323961308806,-0.15271880927734735,0.5119736769885197,0.5232521418124947,0.16645094267994143,0.39778827754324275,0.8260891652843575,-0.5187637147106914,0.04874643948764035,0.10329333212233101,0.2688624876612768,-0.8780640196055807,-0.7984195306700518,-0.7814055127122033,-0.5164737106059579,-0.5069027389177012,-0.5820733268313193,-0.8974139121257887,-1.1934779106897724,-0.3246473236296941,-0.24646242029302667,-1.5354015382163455,0.07717082906755533,0.17255275074858667,-1.2687422557714845,-0.39727412350570407,-1.3719368107332521,-0.6927042697514606,-0.39916484659011964,0.47189586682430773,0.3024502098646654,0.38128924728627844,-1.0190114421430925,0.9688961545724922
1993-10-01,-0.04944887164733766,-0.5276419773810022,0.6061340961604489,0.45521516829852204,-0.03687186343388552,0.79275934686533,0.28684656471354225,0.22372932634520507,0.020942746131302734,-0.17787698434238536,-0.31628645059887917,0.572019844554157,0.41028939149001015,-0.08658318009555004,1.0341929870877207,0.20784222253796003,0.4767346928866397,-1.4372625261847003,-0.7167031029235604,-0.826553079940912,-0.7925020337994645,-0.679226363407114,-0.9651634175177694,-0.8526629049738824,-0.8944433333585113,0.301704180258668,-0.07231247696315574,-1.5697086978636998,0.26858062754842216,0.953367633155121,-1.6252227054550021,-0.3378149717781073,-1.4663443295136336,-0.9011965117861065,-0.48745279021087073,0.3634382121539988,0.4969655707958071,0.15899720747211574,-0.1152138572164974,-0.505818045996148
1994-01-01,0.2288641327139515,-0.6387235657512189,0.48860000758956723,0.8759009521384512,0.37967927441629473,0.5166738466169449,0.5245707775449495,1.0251122654770244,0.13269551971529292,1.1758939720767854,1.3865717327498726,0.6216131195166117,-1.362932583649917,1.1978865701597807,-1.651685156577672,0.573882983790888,0.7625589750715137,-0.24536052032595082,-1.0068549094107802,-1.089449724479424,-0.7708420278631051,-1.0151479055931336,-1.0185905779315036,-0.8531716402063793,-1.065318884392987,0.43958922598828026,-0.39292242050079346,-1.6412256080104148,-0.5447588234532997,-1.5382094609088406,-1.5421832810243976,-1.4246018732506176,-1.3409778571170172,-0.28601712577216293,-0.663534421008925,-2.0598527158291122,0.5249985701957837,-0.003970654171108723,-0.45390098994551314,-0.039815187786244426
1994-04-01,-0.7508963555220141,1.0040853158641085,0.3241591098773002,-0.2247979201378625,-0.14698039653386302,-0.6992751261828736,0.8690719827393458,0.9436743304846495,1.7274128415808157,0.9214386927090585,-0.03945679644782728,1.016363817186347,0.4547287439433065,-0.5131295243818906,3.124901496874358,0.3484531264886739,1.2562554624817508,-0.03082778475720834,0.09766836995671395,-0.005197918430639639,-0.7286481981589268,-1.0987289328120269,-1.2249214506606814,-0.008673311052467948,-1.7567129821274805,-0.5647969002186359,-0.3289976780998598,-2.1486247709370687,-0.11370753760174962,0.9672156460763828,-1.536813784314054,-0.6821135749231086,-1.285770367276974,-0.4615188826586173,1.2091398174805312,-0.49106748831598135,-1.1924752066114543,-0.29533600381560765,0.6080852318590612,0.4074351424574766
1994-07-01,0.21490605120537337,-0.5509593391660251,-0.14511240154066019,0.4775233738009483,-0.6139119690743563,0.396045868616905,0.8376859327110949,0.5095309068691328,0.32295967795237723,1.116032390693261,0.5110654054221455,0.2523325682382595,-0.2219059097843061,1.6642183929803485,-2.248005593749091,0.08161685818749298,1.1783033855222398,-0.9503548198104155,-1.0076255776127923,-1.0464485234984084,-0.7153023739492953,-1.0987289328120269,-0.4137139232445992,-1.0330093053849867,-1.5038814211984894,-0.38702719883285536,-0.7589375763939404,-1.385769242927988,0.05204299192961696,-0.6231753763423835,-0.8637641688222768,-0.26002665668289315,-1.3162737443107233,-0.25412502906010337,0.17838095063759296,-0.49280150189445465,-0.16015506366315013,-0.7138227901916243,0.6498604239512769,0.015563764593087859
1994-10-01,-0.24877301020436804,-0.7585114565877257,0.06183140192191107,0.4607883244518739,0.8975276251916391,0.3642662146116842,0.14561176061504488,0.8563536657090441,0.6389953232661105,0.2167947944107576,-0.04636079606149104,0.5330228613204683,-0.3065947222302055,-0.020518367626182553,-0.8224582922071532,0.1295037341550893,1.1523193598690693,-0.8774264349529229,-0.5637110778252311,-0.6182792286204405,-0.7888838804241373,-0.10393825421912646,-0.6120257156091338,-0.8124888156025095,-1.1722976978766895,-0.49850425256320097,-0.0956206510229085,-1.6058153747921846,-0.2730228876812574,-0.6380886210268194,-0.6021059912441517,0.16237892098089604,-1.2241518117335777,-0.2130106796996137,0.49481519377226585,-0.5963541614493665,-0.5188651616408657,-0.5183226931825053,-0.4711839035027877,-0.5628049307091165
1995-01-01,-0.896753087782407,0.4502365354822091,-0.5079156718588613,0.9625812204921248,-0.9812160185417182,-0.2983808190202345,-0.3145341295855554,-0.976483131394167,0.18557741852598167,0.4220021646052326,0.04241090038670718,-0.7188771659522235,-0.251155694482525,-3.7015768213821927,2.7547204560165923,0.6778452327648454,0.5027187185398101,0.3959568079666984,-0.6073303096051859,-0.6216241264222556,-0.3330165754415758,-0.8523599313941668,-0.9180127336758812,-0.5505326232888919,-0.42543334484695133,-0.5169398519500147,0.1398997806753466,-0.708701283183899,0.3055397382163546,-0.9587233817421902,0.3744731138153268,-0.5512502430293417,-1.2671007013518292,-1.3272193570354769,0.34185102723329003,-0.19256352457617934,-0.3294048699018307,-0.040314896657799804,0.7733342076612488,0.38958314213940276
1995-04-01,0.08746873206466041,0.0014102044927243357,0.16604756097544263,-0.7294920318017314,0.7496135148544333,0.07100419319620872,0.052203856530063215,0.44374801533965086,0.9188139492359926,-0.6646546669630063,-0.8669529397700086,0.30529361214963124,0.5589128744915087,1.989052703631333,-0.6033702850693925,0.31299940680308064,0.16492638504859525,-0.018043578083343195,0.09946726639970102,0.08660536839866162,-0.6326203741145262,-0.3651002313596454,-0.5467135814870915,-0.03584145447819682,-0.6049627982541621,-1.033490018223385,0.42951621628642384,-0.9536119596759403,-1.1288014252365015,-0.6167839857633396,-0.34644260158569784,-0.4035553219075775,-1.3890324868429567,-0.17645698825726727,-0.27785849438735305,0.04899326335227066,0.5336619025895972,-0.24308974952993848,1.0554542645041052,2.155654804263135
1995-07-01,0.3428740820489344,-0.7069027174306072,-0.09346909373856184,0.7523814788167502,0.29875306512828603,0.1067227739091298,0.30622055319210184,0.0869119992501361,0.884076460690655,0.40365586881570054,0.1329896571857803,0.07615823630749871,0.0532048746453658,-0.5120237817122084,0.5750236231005799,-0.4289491785652666,0.08697430808908414,-0.4143083493973722,-0.891498748106833,-0.8816307627021331,-0.5670230431693875,-0.8559896855398321,-0.8785078873465881,-0.9040862886872949,-0.44775636732321755,-0.7525183325608295,0.0712197542289201,-0.4277959600456175,-0.1664143301795643,0.047920634457229896,0.052502809340947205,0.0033017371068318107,-1.4454851553153283,-0.7512593411534894,-0.38146045631538494,-0.0674842011591662,0.4752396577485755,0.2808376870981086,-0.09434707776193633,-2.0296173152355785
1995-10-01,-0.023875594975409916,-0.01941403777844426,0.36796123653464996,0.15067675679665665,-0.1448959620032274,-0.22547651386142523,-0.20316551656019913,0.02768560340102923,-0.2665193307092826,-0.8825853195499548,-0.5935473251359736,0.07522786040357775,-0.0024622639574963445,-0.37159571686387866,0.25028017391011526,-0.08434978957724733,-0.12089789713627884,-0.7672439233908467,-0.9699778757171431,-0.9236651385152668,-0.7052051887233687,-0.7764611457585936,-0.2452853174712938,-0.8187152883859675,-0.03578746410529881,0.8250568861684054,0.30358405563199736,-1.1577098167394513,0.0022960244594464703,-0.25567041804735713,0.47923903301452153,0.05843427088627188,-1.2890636944458571,-0.7557106737421023,-0.07364488432609304,0.2094361691193119,0.052822946973555454,0.1357010696419541,0.2714423641499541,-1.5383022840726592
1996-01-01,0.20715503659566245,0.08258358175669867,0.2610139841250665,0.4737011755427437,0.9614470135502748,0.23251722891495996,0.3025310321265357,0.027445707565837585,0.8440079710895548,1.2291838797745236,0.6683270737676074,0.18619150697024156,0.42298235390587663,0.40739770308969675,-0.9796427806507194,-0.4780751062224281,0.29484651331444706,0.3460333881147671,-0.8920807919162271,-0.8415522352908889,-0.5012526036952921,-0.2998872595098613,-1.1608212675704306,-0.5640827443257009,-0.5309010625608926,-0.5581746152901879,0.0388418058684838,-0.8297118429281644,0.16209142411268773,0.6902553876511456,0.24840766828490546,-0.3692190175534698,-1.3077333132916535,-0.3086220242428334,-0.16222817386650018,-0.20788904888056392,0.22878711686467637,0.36249777986384624,-0.2274839268389832,-0.6350035440046891
1996-04-01,0.4957588170294043,-1.1099279618152127,-0.14511240154066019,0.26705945250140933,-0.03814454361468162,1.1523495678690896,-0.11873301007167329,-0.5605425150035709,-0.2748701552356652,0.988822409226485,1.3520305551441045,-0.48650163404017727,0.12420155635309764,0.7512891237716122,-1.4417926128833334,-0.23190690071875372,-0.09491387148310845,-0.08357140672238828,-0.2350041608731887,-0.22907934282373882,-0.6893930506074885,-0.1527275539859372,-0.6834652835279567,-0.0635324871890125,-0.511330243400833,0.07812065664264857,0.057649841252813284,-1.083710809075661,0.17601067066329865,-0.0543416148074731,0.24564186154872475,-0.4631544437546207,-1.252614194931624,0.5497273861699835,0.06182364590494593,0.1151437287747207,0.09751979053243887,0.06912578027999113,-0.7954340645515338,-0.4341581932268297
1996-07-01,0.2447119616214849,0.19717287421208257,0.30727264857632963,0.1579199199388527,0.20562995625259306,0.020022540009753172,0.200937135691079,0.2635069848680261,0.41464700443812047,0.14208984888315232,-0.23829137842511436,0.13027684731924455,-0.2952085847394977,-1.2098632126748874,0.8146780839188005,-0.13365533675833136,-0.06892984582993808,-1.1421307034338923,-0.856092326113433,-0.8456787751194706,-0.7171085599428427,-0.6307721894239856,-0.411289039101085,-0.8658993537895189,-0.2891103037668014,-0.44708606473451407,0.6480971750796708,-1.1578676542297648,-0.1809870849277396,-0.5496743846833783,-0.057464963314060376,-0.2570617840186526,-1.2296163578049026,0.11201323350081138,0.23612766227826795,0.4787898933963647,-0.1997352277812179,-0.4921962742499979,-0.23777211326443498,-0.8494622720924976
1996-10-01,0.3389186620158563,-0.15050895178398926,0.15387319446811443,0.4858768653991075,0.2376682476379992,-0.3245301020669734,0.22752644989740006,0.5523934757451575,0.4958606136726864,-0.07148392076528443,-0.49920612973148404,0.4064417885761574,-0.0072097282362132455,0.613668996921195,0.42138424683289016,0.20679342684001084,0.08697430808908414,-1.4213289761520627,-0.4374362380241398,-0.6045964900975387,-0.6720986523615838,-1.1764913384462192,-0.8203617614850292,-0.6171408377001352,-0.44213908063768637,0.11183297621528394,0.022743960608380354,-1.2039245506583027,-0.5776522962565577,0.7839957828104567,-0.1165896694010591,-0.7818610258407395,-1.141010999535468,0.19099261430104683,-0.21010059621590968,0.39365507272885386,0.20688468273686333,-1.2011023573573076,-2.056836918529981,-1.9259380793543919
1997-01-01,-0.4045986829762021,-0.25059153396881045,0.2011148674805403,0.1879265153103451,0.10395571168844715,0.020841525283493215,0.08879459854788369,0.37276603279081005,1.9781676049553085,0.3272098270821095,-0.3253359096518174,0.01572802530592801,-0.6933564125719152,1.2919096010073141,0.5423931334102505,0.6300871788133907,0.009022231129573014,-0.559784297679445,-0.6694435662826768,-0.6881126852065658,-0.8452936778196128,-0.4791837720281892,-0.24424010961848397,-0.7847841636412364,0.665628520131077,-0.5743590380601387,0.5361872538956404,0.30532946700491354,-0.0797058663497027,0.5826669795705726,-1.3790112425035856,1.0812011652945779,-0.9901220438066817,-0.04855816248774522,-0.4685293328740007,0.08480242251671019,0.4445443744285939,0.01653690240825083,-2.250456219619889,-1.4992177443435604
1997-04-01,0.857758424871427,-1.8453912031413784,0.14946634304970355,0.3073865099385029,1.085419764470708,0.9880495780646172,0.20169926865646282,-0.20517200114225798,-0.021282763285889097,0.31462618706704554,0.2793034527646201,-0.20539367680810086,0.5472277139788246,-1.1223908413119674,-0.4261251704277112,-0.8063020153888545,0.16492638504859525,-0.4233397665728509,-0.22290320417546808,-0.2940346583571879,-0.8824746906148104,-0.5613637915033306,-0.33189053528071905,-0.2532790896691919,-0.07683563939261448,-0.2696249941266858,0.28416397228661044,-0.6160267551244694,0.27236882409213187,-0.47830385655072094,-0.1923684444265448,0.2231985331994898,-1.1194044419873608,1.0857763470445914,-0.15264625559154232,0.48048074252633444,0.185935751052105,-0.10043210222362096,-1.158564535484579,-0.013353487308248356
1997-07-01,-0.5191439336074803,-0.7319261194810737,-0.29215128122308964,0.29017586214689994,-0.0803942404172213,0.29823940888598566,0.22620272083021006,0.1979759908235367,0.5177572730936788,0.30226317870522385,0.18723502127572275,0.1804448470173927,-0.008719247960292014,0.3935892978110381,0.008954737796539072,0.43314154177309694,0.1909104107017656,-0.5278815701746631,-0.3808978741941016,-0.4599587226360276,-0.52284761881243,-0.4142072795021104,-0.09387626710023622,-0.7075336270090182,-0.2979181908801105,-0.397052650223658,0.5226254418353408,-1.075284605914046,-0.4815939012846327,-0.11186413001886854,-0.9059425514600626,-0.6559600652573984,-1.2896630714869788,0.7214343099369912,-0.8204120047675292,0.12166919155497269,0.5277537886154909,0.0752526654552583,-1.3716706919323731,0.1718742551984811
1997-10-01,0.5274098540234979,0.09249731775337341,0.7297235840643733,-0.2607149663743483,0.6023140259090359,1.514092703355715,0.3196127051142519,-0.08986327418990242,0.9411082786223596,1.2726055475048188,0.687494446261138,-0.2601336742080402,-0.2416525513081276,-0.021356925717404128,-0.33805406659198073,-0.8038352898110671,-0.1468819227894492,-0.9038850063752116,-0.4243902482548167,-0.5435349254055877,-0.7831338150811428,-0.7214890296885728,0.06236122760845411,-0.6284875799518808,-0.2378743586703263,-0.4216885694165517,0.09638937585108064,-0.9084721462534453,-0.21390390320905658,-0.19069128049374376,-0.794794219897373,-0.018399163585354063,-1.0936497245221546,0.12042053708171094,-0.15866946420333355,0.775028423516088,0.031966995082075574,-0.49110704801830735,0.1318502365587275,-1.781858127843702
1998-01-01,0.15378324241792202,-0.8138799631126263,1.0881315380857561,0.029789564453658143,0.35110430926535446,1.124513211926942,0.33591475462105547,0.3677023746635047,1.3340975228862972,0.4638792762080805,-0.16094353195029534,0.3430205472696451,-0.06049562039313278,-0.5027221082520736,-0.7881154235005837,0.14688886396903084,0.009022231129573014,-0.8014613948880798,-0.8294753276341782,-0.895570978676599,-0.8944953946192528,-0.798484080342414,-0.02247902594654292,-0.9121516198424896,-0.691095611738104,-0.4550443381179401,0.16515800485053636,-1.4186418743454587,-0.09874140488026233,-0.08629856770269279,-0.4117313253834108,-0.11592684503991538,-1.1309851269411693,0.16091908702949334,-1.1435781427844867,0.5717267046468465,0.861225706299702,0.13687555324679868,-0.9261617948375043,-0.4619084922412828
1998-04-01,0.24453067988276703,0.8829266029440217,-2.1061534470896808,-0.23493870035861064,0.3286980862742283,1.1901066250913857,-0.037709469524362785,-0.20391367095048513,0.6942069880068212,0.6407769874272309,-0.24522535651755772,-0.09563062439579118,0.2715733942805549,-0.9914726145096877,0.48951991428619335,0.23594411351984704,0.035006256782743404,-0.12100026062043466,0.2126192853944119,0.10003204978563472,-0.723646802860997,-0.5765695313273783,-0.024348628904936234,-0.03467368342912348,-0.46564529385548353,-0.6784646213161021,0.22236336752254793,-1.0282911797091288,-0.42494901715407013,-0.08097240888682283,-0.5198085273070285,-0.3999367155378247,-1.066414558721109,0.7071841869975258,-0.364321948222377,-0.6307983115591119,0.5596921082982607,-0.15115365847487644,0.13831854164861315,-1.4172782052163362
1998-07-01,0.3115718869158385,0.43238771839146495,-0.09621018464437409,-0.8067748067525298,-0.2970928987608289,0.7413361692875069,0.4803632262213449,-0.1469734439248731,1.4036587379061882,1.37959235481194,0.33448109296235706,-0.15015506353496785,0.0387742909681753,-0.2985270738157777,-0.41893634837542426,-0.6566694022634597,-0.09491387148310845,-0.6322284467357447,-0.8700948455670809,-0.86168680824084,-0.8574302472890799,-0.5806741395278318,-0.18147380927817552,-0.9538137547897837,-0.46772467580884397,-0.274589307342222,0.21920729116935755,-0.8485472521195296,-0.08770339381900787,0.6284719453870542,-0.4925858525738112,0.026981001343035407,-0.9930555221450815,0.15012841464797316,0.9989929195853327,-0.4267998609572136,-1.0631252234114505,-0.04873930636269749,0.40978938443522983,-0.7846543629315659
1998-10-01,0.0895109335409039,0.1976522316793276,0.04994607449432784,-0.021070059986119247,0.1462458891476066,-0.033894355495886506,0.14625515126044406,-0.4337210161130431,0.9484020352140433,0.7825826262465051,0.4896096697862713,-0.2592582220005878,0.16194992739274552,-0.018954123175149284,-0.09657230257186293,-0.6126202405982665,-0.09491387148310845,-0.531822353975631,-0.7642949893880273,-0.8247174504343929,-0.7671241494267667,-0.9514581874411775,-0.3417849638010075,-0.6385005586630846,-1.0382445324281486,-0.9666892434200256,-0.6304672552672241,-0.6635129245338687,-0.1026819317029377,-0.0756462500709529,-0.4817341850183917,-1.4535322552095582,-1.0417566958203814,-0.49256665143402006,0.2826044300640688,1.4392271623852728,-0.7280700684289593,-0.33991587999645534,1.1248781630461369,2.660748489789781
1999-01-01,0.7935152530845621,0.2422322650032473,0.29058291871082403,-0.5172491634990015,0.38518627740689676,-0.5654646692431609,-0.2571311918192543,0.02498467832153103,0.13402785939605816,-0.536447410784526,-0.24954889537157382,0.013418361741859066,-0.039007887283765294,-0.22859788283773338,-1.1303017975522902,0.14438676442562023,-0.2508180254021307,-0.3994745322168015,-1.4388176989891843,-1.3920878598888768,-0.7773609804142472,-0.7319854648031834,-0.2927340675454524,-0.9151311638862983,-1.5725126348591287,1.1730434939627596,-1.2784154878847385,-1.6090509954029386,-0.5599352203972526,-0.1960174393096137,-0.6852390543835665,-0.511504020556091,-1.0266350940079558,0.11295888301374718,-1.3621539361051076,1.2435849410906723,0.980216764825541,0.5293053254723206,-0.8455179273070884,0.7891280181241322
1999-04-01,0.3035634129319241,1.4765698946005639,-0.7758661978271325,0.23381654828713852,-0.23287266781223817,-0.63467338087944,0.0749476606575659,0.024755669291324015,1.2770986835824916,0.5702313312773182,0.23481553454076165,0.012931776713978976,0.00975209164412042,0.12025857406792018,-0.424241463937587,0.5567847599957573,-0.19884997409578994,-1.2021659531678275,-0.19893361663149067,-0.3354444945802749,-0.8364693128523814,-0.4436902104033863,-0.9044581809170722,-0.1751657684900934,-1.6443001457272122,-1.5708076151926595,-0.8002397923976629,-0.5741684314361674,0.9052846915799736,2.7600007034982075,-0.8490852524698272,0.02078657348190351,-0.8618103443116428,0.7814897197337226,-2.1321240387188314,0.2307919978518247,0.5287877407470881,0.31236249020365203,-1.489943230683484,-0.5850322759274547
1999-07-01,0.12452506418807271,-0.029850685211297433,0.7736884111401748,0.9587538437427995,0.7574061745105876,0.8238290449631861,0.7655958531121156,0.9877669465516923,1.1500641602519956,0.7351412776469888,0.30853670813630074,0.8183075508981296,0.17901266753774447,-0.1587405984954635,0.08199653694058989,0.7199796187634684,0.2688624876612768,-1.3416348695787708,-0.9077327419656321,-0.9396784369092637,-1.00190709597999,-0.8818215583062512,-0.5998278799016696,-1.0330093053849867,-2.5940802604355997,-0.9351833298960626,-1.3079556398662728,-1.412962522587444,-0.16256035347741077,0.5262096961223511,-0.6583902390190843,-1.0892244571758567,-0.6193944515996377,0.7336909846844644,0.13265886628058243,0.023060839451966488,-0.36526344089197665,0.013638136244302667,-0.2519181837707629,1.1367402910160485
1999-10-01,1.0035248528621172,-0.551643396269464,-0.24091533543959495,0.11747306305659642,0.47412970068524,0.16790964184968762,0.5377821454487866,0.13445459530770487,0.5251007044800222,1.0739043338657068,0.2222001362912528,0.009605085560254824,0.07882619776061463,-0.01966950993664941,-0.034829197781036,0.47581386814458393,0.39878261592712866,-0.8692810688221189,-0.48954348288439226,-0.6421674315819431,-0.8444334460221893,-1.1709520974415792,-0.4648802032787934,-0.6468639090427232,-0.013246011979007514,-0.12644577414499672,-0.1229441447555472,-0.3864605800417365,2.9678638034530698,-0.6934806727118669,-0.02616782203902472,0.08085048776910213,-0.8409489245013021,0.5912406340242334,-0.09257134431349862,0.14577613506901427,0.0170595767170113,-0.4354162717227232,-1.0373773121214136,1.0654819312931694
2000-01-01,1.1338531790543436,1.2156943326604972,0.7095780110285317,0.021584943766820127,-0.12745400205633345,-0.48526149521626927,0.5432606449114317,0.13358260916370568,1.4281017356988406,0.6900375398677124,0.05979136565278276,0.11508163684620136,-0.23433933830210651,-0.7167412963943309,0.695134332879186,-0.06122715078294198,0.4507506672334693,-0.7332088842776611,-0.7707004511588447,-0.7929392662443057,-0.9779512937318268,-0.8103099555056795,-0.10286381931900221,-0.9560600986612031,-0.598315162006173,-0.4165308230546756,0.5351811730844339,-2.0018606560169103,-2.762917961887374,-0.49534756476150477,0.5172812027674567,-0.019581366763329548,-0.6925965962878274,0.9577956446900098,-0.3897115328714356,-0.47423179830352774,-0.05070701401066075,0.2686401811976724,-1.2383196763503979,-0.3960714086191471
2000-04-01,-0.6491034541263561,0.26733212114012167,-1.2402415687582573,0.7530057158296192,0.4960987005366574,-0.5314865552416412,0.14685499965298066,0.2436853277476712,1.5705589932583155,0.8457799688256031,-0.0993434679871295,0.11380461360314673,0.4797679000053793,-0.6507793983537953,-0.5462408122177006,0.19858526334223844,0.5027187185398101,-0.69924181707276,0.2872530676612337,-0.24433929770712276,-0.9855655481328015,-0.8832400286863187,-0.3547467232370217,-0.19264182223657506,-0.6090198484840446,0.5914831395003559,-0.3305905549671574,-1.1791728223282087,0.3192716020347058,0.5112964514379154,0.46040525939336324,-0.42718711696709605,-0.7411529660278988,1.090966777779818,-0.09261703618292216,0.08298584971300868,-0.3788129672635246,1.0155635092192803,-0.34499737300679245,0.7969652668462199
2000-07-01,-0.03742577691555685,-0.31871638730524315,-0.630032457340815,-0.40222390132454117,0.08892038563976158,0.5019037934292213,0.005955370162778618,-0.08986327418990242,1.037161191444717,0.8224273866334373,0.28668140756364047,-0.3612210375489112,-0.2556790968576302,0.4732286381395382,0.9508826991283861,-0.10814182477583698,-0.09491387148310845,-0.39484232805778774,-1.0142932368852595,-0.6527876861649009,-0.8858161092376932,-0.8125020719145092,0.14045146361835267,-0.9950727317985133,-0.8950018133188846,0.4230461857365844,-0.795804634898142,-0.32942416451342216,0.25098041235768775,-0.4197161095761515,0.6289214639648406,0.03636666684456769,-1.3378087963482637,-0.5189813321217444,-0.310706800094704,-0.9278251167859907,0.09902322668673083,0.7493077635186493,0.022427780469076387,0.29729709036318674
2000-10-01,-0.4318300473983906,0.2817104850177748,0.3880023264124718,0.9989504982776912,0.502584393491485,1.0069622476474502,0.015149853034290648,0.40685842458668614,0.08483646881785989,-0.23135018455186554,-0.10387866503711712,0.00822054694647399,-0.0910783090177265,-0.6497633052442419,0.6241535625500615,0.4461877299119181,-0.06892984582993808,-0.5988640336365874,-0.6431134008602483,-0.6917021686844338,-0.7290589221358318,-0.9560803248920628,-0.1065665449754162,-0.6548800234875444,-0.6392604504534388,-1.6348063615610968,0.05938751765838873,-0.6031253320793997,0.23060121185503346,0.34192460109325096,-1.4477416763135298,0.33983112790230496,-1.053578895189366,-0.20285668174182409,0.34849705898625316,-0.7485171078537098,-0.558841923606065,0.4119286189707248,-0.759621545064564,-0.1236921184548369
2001-01-01,0.5266213040282935,-0.21307652841360458,0.6187955404922478,0.0866953671828923,1.6921056249510813e-05,-0.8879503925240976,0.3425022669493312,-0.19987552042072038,0.46637774822342626,0.9597155037339448,0.5806111058688088,-0.15015506353496785,0.8509286610165115,0.7503523693755128,-1.6062511411761375,0.889060786101336,-0.19884997409578994,-0.29871243251326013,-1.2166207594912215,-1.233807587606197,-1.0606499871856396,-0.46060379646725813,-0.1228858594117595,-1.1084559532800466,-0.5009887761599618,-0.5670714608584347,-0.166083821691233,-0.5437866353142831,0.07762922570041345,0.338728905803729,0.00594052999703359,-0.3120933841066584,-0.9625435784042743,0.6065785834204103,0.7365294910932513,-0.35246669351425675,-0.7242871386476922,-0.21250992398182364,1.5848279308736706,-1.8108359959900804
2001-04-01,0.008418839413012918,0.08304426212865373,-0.050564528914978736,-1.2189604745983689,-0.3970588602006757,0.34860319306659543,-0.4956278692783478,-1.2017234931683953,-0.5747618101356137,-0.41635462602583007,-0.3364826604028445,-0.9466482837770646,-0.409831047354686,-0.5069535752753913,-1.793477776521993,0.210152254027193,-0.7185304871591974,0.6455137065344216,-0.3770288972639863,-0.37080205546279577,-0.5070610794488692,-0.6767191804876217,-1.0223965006049809,0.05232356412300626,-1.1854411898667099,0.03786394128151083,-0.9605810330229274,-0.5354884369788147,-0.9782439219349517,1.5158100041109874,-0.24746804547556872,-0.7105603122869067,-0.6988627161460924,0.8200227290519666,0.36057658959168754,-0.5480500931932991,-0.6291601589938777,0.5071321768008156,-1.0516032956958037,-0.4216128106493413
2001-07-01,0.41930079795849484,0.8430173179594631,0.1372988720093986,-0.99288186181709,-0.7129271509473919,-0.15231678666915446,0.011687021611970827,0.022295553804240628,-1.0281355219146002,-0.08211593148410198,0.41596487875573945,-0.2036683123279484,-0.43622693214014446,0.3282593581908101,2.7977466256401833,0.0026848326387548752,-0.6405784101996862,-1.1902501429496761,-0.9481085392328769,-0.9823253364925004,-0.8712323211935069,-1.1688764978474884,-1.0201147266084367,-0.9217808793266519,-0.24329945544912993,-0.5301822419435472,0.20751977157474127,-0.4769280549366585,0.18132062768630988,0.2865325494082035,-0.3577027316332658,-1.0705119566128836,-0.8520352940650425,0.8419983158240706,1.0607803921414272,0.11170329605332742,-1.3283287833038924,-0.3083312747679079,0.16104245114528376,-0.26059462466147765
2001-10-01,0.09345679457995021,0.7374168880652899,0.32151828263772103,0.19268421914109918,-0.43224022362647835,-1.013733882555345,-0.2045644905923498,-1.2785900328774764,-0.1859554929794551,0.07871704054397075,0.4800880830992448,-1.1769589182143234,-0.34685614036215845,0.46231586213136816,-0.36412999282702607,-0.6058296075224053,-1.186242948916264,-0.7019375534951203,-1.1482222200468049,-1.1608466308837042,-1.0388327855442134,-0.3311819378928274,-1.0403644500372402,-0.9219746009213616,-2.012274883188199,-0.4826985341533911,-1.5395151721887925,-0.8119586399211703,1.080159574366127,0.6018411513077044,-0.9185888326007742,-1.2008018867962624,-0.5896492674894267,0.1942449942530513,0.252169194227728,0.7809255888662651,-0.5548201900403956,-0.12125481676801193,-0.06979098540479746,-0.6036329653233131
2002-01-01,0.4685337621833796,0.4482144111045925,0.5455387373093388,-0.22690583021121122,0.6061108982230251,0.1361846182665614,-0.07244987276660886,-0.26170609607535933,0.003965990566529885,-0.2620719489542322,0.8325130423701428,-0.15015506353496785,0.04744353283968133,0.5926981670938631,0.7063257569134379,-0.3219733545767232,-1.186242948916264,-0.18321447245932526,-1.114958305953807,-1.125177206062067,-0.7491090396768512,-0.34001836335795516,-0.8594272380555716,-0.8483801290498562,-1.1582929669339233,-0.6985943820069673,-0.8222817178628848,-0.44353104619803274,-0.14947471362694942,1.663877219192172,-0.8331097352064794,-0.8418085678971148,-0.3500103366679261,0.516700526987651,-0.061846629410208596,0.2704962031906666,-0.09826098133702894,0.2146780218287751,-0.3988110155701281,-1.3252707151984378
2002-04-01,0.029833275870965275,0.4963247391902863,-0.3282116530273336,0.5577453362903602,0.6973913983039552,0.657646563277004,-0.05225445956435119,-0.5506383355933097,-1.2828241274564587,-0.10107978091122226,-0.2672880086671538,-0.15015506353496785,-0.045930220046479946,-0.02300388393608381,-1.5953822567529379,-0.36285767531766794,-0.8224665897718788,-1.0908798245947706,-0.1194457493442881,-0.20202265697388236,-0.8965689466347839,-0.5523744575586862,-0.5438065292843797,-0.2633531564073558,-0.9522954071883305,-0.5212065791439056,-0.5143472407355497,-0.49974853448797313,1.0471201038530684,0.17681367780128263,-1.0225685875417219,-0.5000014904408433,-0.3401109726822296,2.297964818456034,0.4058851686155901,-1.5452724347662374,-0.48543779799083664,-0.5998761416682973,0.5942384850709278,0.17897759594043408
2002-07-01,-0.13084788459000618,-0.1928945836517135,0.4923762077094575,-0.5645943536644286,-0.5920568847640656,0.41062208379223003,0.15079731340561287,0.4282498279876401,0.38880887813564846,0.3846564236947851,0.45130154502540343,-0.3140544951270943,0.22701698634258768,0.17941939804925205,-0.21500853384604565,0.1253758634863407,-0.8484506154250492,-1.1256283716812572,-0.7197690133788607,-0.8079785515987539,-0.8332173373348932,-0.827240882028813,-0.8356844442176125,-0.8511192817723726,-0.40020692348281045,-0.1435320341857291,0.040251042148678015,-0.9221323057634846,-1.3143433355382406,2.8771761974473464,-0.24220194047993318,-0.39953241192670025,-0.11268878053137958,1.8214719927305172,2.1831355591195014,-0.058442652331941715,-2.5582960757911906,-1.3495432478664335,0.22852506378060866,-0.1402265243373317
2002-10-01,-0.08208715304777471,-0.49880878823007263,0.39393491351757387,-1.4594119594161872,-1.0290320528369707,1.087559054815191,-0.07898131226511233,-0.607976376367445,-0.003645103057448952,-0.11634920078419121,0.5112551052405788,-0.15015506353496785,-0.025249191534118746,-1.1098629762125767,0.7289450636552806,-1.0985169413409432,-0.3807381536679825,-0.7018957707774316,-0.46133022272433244,-0.5300885885667229,-0.7245733294315606,-0.8958443258017429,-0.7065178506555223,-0.5264608172811625,-0.9517981524754698,-0.07490037094105681,-0.7173173890848793,-0.5588493545283669,-0.16021739113127648,1.5680063605065129,0.4138664086620295,-1.5083132676597193,-0.3043431653982367,1.000778091217754,0.46450586914736125,-0.7481926081957746,-0.7592080726849664,-0.364860189063512,-0.00930552712887289,-0.9975791010799316
2003-01-01,-0.039810151891945825,0.7830448277917953,-0.14511240154066019,1.4323602177651396,0.4981069188280109,-1.450075871172878,-0.09512731382022406,-0.14772073363910854,-0.6379630430264885,-0.12232648619781782,-0.2712783695721711,-0.3145459484308845,-0.5014903834564154,0.3863873256812165,-0.5762712931065049,-0.15755917856593485,-0.45869023062749364,-0.47420762771385117,-0.6922156164473285,-0.7076247322364242,-0.7796561628826908,-0.2933792230528221,-1.076263786585554,-0.67363738404618,-1.2027352338052426,-0.19065979612049122,-1.1696424937432568,-0.344405918532554,-0.01123779746024711,0.9608242554973389,-0.40718109264260816,-0.879225004906411,-0.9246379017869217,0.657973083255993,0.8827674782168858,-0.0681593681197096,-1.1533085353712635,-0.4786206290866148,1.5278391860264429,-0.013345601910780958
2003-04-01,0.5704915790009623,0.5649948878274592,0.6948886809384719,-1.2413970541633998,-1.0956197812314439,-0.9025782583909925,-0.008161736057798,-0.03200581474069631,-0.19650608099179867,0.0324314412162074,0.4277013015128218,-0.4252400312073041,0.04424019045594505,-0.6354878394587796,-0.5526972408846816,0.16897647799987714,-0.5886103588933456,-0.21827704200943085,-0.2784566345507578,-0.3323732831431421,-0.9993114673157183,-0.43504123790377125,-0.8021832274823367,-0.24945026825131966,-0.4367074143779655,-1.08433834674551,0.37213284930826745,-0.6773973457155299,0.7466687437916111,-1.4146425763806578,-0.10350784101733962,-0.422015165148856,-0.2762901202143371,1.1065995060662237,-0.8303538395145609,0.17674889683637382,0.7236931049417891,-0.2667829461366074,1.4331935581159403,-0.3176335883654965
2003-07-01,-0.10428706172700096,0.8520407842018953,1.0638209866588093,-0.47946307377562136,-0.09792667236580589,-0.45368321341697304,0.5333554868673517,0.25606383470207134,-0.2612818056915998,0.6610658127024378,0.41762139026955003,0.1797816536209812,0.24459023599151394,0.38584109946357054,-0.4299716343753554,-0.11874156103669159,-0.3807381536679825,-0.6709770253301717,-0.8889859060766998,-0.9185931647700583,-0.7570911770049891,-0.6380925913024228,-0.6276970216907942,-0.8915729522420198,-1.3582571084769088,-0.08641957265334582,-1.0854598547565752,-0.8760292317623326,-0.13252032130421024,2.04523019040846,-0.9977607107631317,-0.7735503881504343,-0.031278597752846776,0.6615003346069188,-0.5904290934351265,0.23480765057312453,0.4606409041552864,0.060015185996345935,-0.23681424793964007,0.0869594910702321
2003-10-01,-0.15085330839554817,1.275392241849599,0.151919982328027,0.27378764582512327,0.6171472422300364,1.2606223780292631,0.4959262994783518,0.652579192856268,-0.32510091006002334,0.9558169336493989,0.4077805368096501,0.2866944114411961,0.23817618144756844,-0.023274545560300713,-0.1347985769708107,0.798723456760498,-0.1468819227894492,-0.3839807790057608,-0.6677671215383596,-0.7151173366847186,-0.782511617384135,-0.8369465384403935,-0.9410164194447475,-0.6807851496006413,-0.4882974090270005,0.43933494684326196,-0.6624511273975938,-0.11595374995511461,-0.408082288996898,3.1509407605830617,-0.22842344587400712,0.018272931944552706,-0.13227454700844216,0.5774674476059669,-0.3968606619592308,0.00785260905344763,0.27308882702954207,-1.3446917106806513,-0.17324635818807943,0.16146138299189342
2004-01-01,0.46057070223449253,0.382279838229564,0.02371006749515659,0.3212582471380334,-0.027996870101327592,0.9772940146633851,0.12918325988576884,0.1366646292712441,-0.5747618101356137,0.15380842555093677,0.7998570664190509,-0.09579281908518267,-0.16012353330435544,-0.1587405984954635,1.7528648362907289,0.5779070212703684,-0.042945820176767714,-0.7036454415736283,-0.7329114952000207,-0.7172316772353643,-0.8445934427857933,-0.9682266503095137,-0.8463741908052385,-0.8576242978517575,-0.7053169230944978,-0.30600456947254856,-0.35489577793152216,-0.7773265050272905,-0.26746849348480367,-1.6255584654891078,-0.5096282587077244,-0.31865375568383114,-0.4083611395360268,1.0917678010050798,-0.3068392445757268,-0.5358659825473038,0.13855147878395285,-1.6882993725775235,-0.9598102048852173,-1.3773723979362649
2004-04-01,0.4546100071672974,-1.163410301185356,0.10689359656301158,0.2543285258699908,0.22546765828396337,-0.3743018097961904,0.3346644506189271,0.3044250603931019,0.35271519031221565,0.6065145415557609,0.6476251425438769,0.06675647178773941,-0.47021930523711014,1.3138258886186276,-0.4718049590535899,-0.6304681116585951,0.216894436354936,-0.8626713712113246,-0.04982180664709819,-0.18463910529627484,-0.8469240736863396,-0.25670548382637864,-0.5445787026472539,-0.33625471956092023,-0.3265770428831736,0.06251551364044786,-0.07196252400555266,-0.5268256818586008,0.2672059301357196,-2.368025004421378,-0.7345193419724663,-0.15081747687074823,-0.2806263038639445,1.454080307100283,0.13424239096415697,-0.8119355617807699,-0.18196755961581212,0.3207328024336855,-0.731836991110038,-0.3017914484104913
2004-07-01,-0.27794084188839124,0.3387799919921832,0.27166568065187907,-0.2611367535415114,-0.05171605484180049,0.30987705329164117,-0.21652523541146965,-0.5406999469388148,-0.024787546573434162,-0.021828389342858797,0.11164717491003148,-0.6940515783011917,-0.07135399592889081,-1.0250305509269417,-0.25967438312609176,-0.9492590411767483,-0.19884997409578994,-1.2792238935290083,-0.5548625078720191,-0.6251343993456907,-0.8774082762819974,-0.7137017551204122,-0.7053029897710301,-0.9291498036787302,-0.5489262108078024,-0.2350352148096742,-0.5693600284279894,-0.31682825718362306,-0.6116239502056459,-1.8481919039924715,0.24259161509501212,0.29959599659674285,-0.6899888712969269,0.6822515308676691,0.39967065058646367,-0.2650455974511537,-0.3714498811561816,-0.17747063821087597,0.16901334031382248,-0.36637870101705367
2004-10-01,-0.21123725822408698,0.5832934941799331,0.26769252121224735,-0.013089316662767555,0.38711497557216085,-0.6397510760922601,-0.0005988845253999152,0.36097339855900995,0.030717971466199638,-0.029011007001973947,-0.4775441448107391,0.013581202626206448,-0.22727852217027328,0.30909540798277363,0.4101796530121716,0.03453702972555953,-0.35475412801481215,-0.38277856207051586,-0.46733988486688927,-0.530001296454626,-0.6705409950918022,-0.5253732815207605,-0.3798548533569666,-0.5848964410195808,-0.3914600412623373,-0.8645489876736983,0.2192891179056705,-0.40247531978803,-0.48234891928462714,-4.551750118928057,-0.6161817311082254,-0.12884637335878008,-0.768846261681342,-0.7306868182246082,-0.43492856541444547,0.3038955686343115,0.4716876177265774,-0.642202009836963,0.9698995518236481,0.0613510563616667
2005-01-01,-0.4875423475477326,-0.017750736794618027,0.10069473981572295,-0.3899202752506786,-0.664840304471886,0.35098821759738164,-0.39349071761636517,-0.5406999469388148,0.44132778376419585,-0.18702833464546034,-0.6084608560330038,-0.6428382307527842,-0.294973597168169,-0.025662783098278408,2.2079565253734073,0.11004008381363589,-0.6145943845465159,-0.06982114522760044,-0.9569434769884803,-0.9585021639255427,-0.6254618181188948,-0.9719911415825899,-0.7320944691804089,-0.8957597151717974,0.36878409338140306,0.17539824523502362,0.47336676254688276,-0.6921478223076295,-0.7253717280539753,-1.8758879298349953,0.6522680148036744,-0.4916423480226681,-1.2873884233521191,-0.4619688257129463,-0.2812935128132221,-0.5379174291224207,0.3761463168538754,-0.3149490335584722,-0.19751245511178728,-0.23218084488882773
2005-04-01,-0.5664699468294999,0.741337653163547,0.01798725816624338,1.1752751288378844,0.30108767926367913,-0.3909597297228532,-0.1432398794948856,-0.48726699811261726,-0.5155013254846145,-0.04209835051173401,-0.3468125472894858,-0.26024409457402936,0.30700597330687474,0.370979068058274,-1.6140265060956402,-0.5155096073541082,-0.7704985384655381,-0.6414567309830939,-0.23305641508873645,-0.27687052436166426,-0.7006479991940435,-0.7829466749302867,-0.805570035580119,-0.31725700746433405,-0.36418323759689536,0.4413969794707929,-0.3681138955954674,-0.3817681249032985,-0.7643846629932638,3.9658430594111636,0.954985545131829,-0.7880748400105712,-1.187563871255524,0.502938276373822,0.45672163914648767,-0.02473240990613135,-0.21633681689618514,0.3631593162920309,-0.8144088459948775,-0.38443879644129575
2005-07-01,-0.26006869743046046,0.18383819426406417,-0.6774480038700946,0.1551054426242617,0.6626685924280561,0.6787630142904383,-0.07318469006543525,0.023961280053094537,0.014784055253514653,0.3974388697479705,-0.08590481261727871,-0.5927352190943369,-0.31516867010558947,-0.6884602650492009,-0.47929200843589187,0.2633849592512299,-0.7185304871591974,-1.1771902221485206,-0.7190830648520735,-0.7672029299552247,-0.5958607317019347,-1.035753647438419,-0.7620611500215437,-0.8299759808167396,0.16632728796858978,-1.1544824545235406,0.6895726543855344,-0.6753333686593757,0.6592266492847292,-0.9640495405580601,0.24068701852806185,0.049025184621757464,-0.8838096133672791,-0.5183275895026632,-0.28061842979219104,-0.3887231002437503,0.5739297150803616,0.8086450395401391,0.13631011493313913,-0.10103735425051415
2005-10-01,-0.028070450951645256,-0.06829817547178615,-0.18633364069297564,0.6453364654426449,0.33255781500396536,0.03482230280563933,0.09423338210103352,-0.5465201435660246,0.2992962476605515,0.5307574818236939,0.4291425623609503,-0.5403653872206869,-0.3614010339718448,-0.3584552049506498,-1.0316237735363096,-0.05003926768777948,-0.9523867180377307,-0.6407557490104239,-0.7207925910794066,-0.768771047081427,-0.8332510474360151,-0.28547969084518154,-0.7412096400669169,-0.6624526424059672,0.5333450902482687,0.4169968834356226,0.7468753715395224,-0.7465827619457409,-1.0270444420669294,2.495823226231058,0.12487173201542148,-0.1587826464096762,-1.0298687203515042,-0.4854909817255985,-0.0006051693159725548,-0.14900086111727975,0.06654761728092373,0.41937036445126563,-0.2597768579720126,-0.8259471085919176
2006-01-01,-0.32950155216950316,-0.11701435841068651,0.1835640034064673,2.1592178430385727,2.358067221983461,0.4744204090874694,0.06430432579562385,0.4236214605264171,-0.516922047312136,0.07686670021939691,0.10047921375943121,0.29557356265271234,-0.07095415988783903,-0.42594331478114056,0.6804979729352756,-0.28121244789983774,-0.5366423075870047,-0.45238735086862436,-0.8999199100121745,-0.929693674930248,-0.7435654657148342,-1.1609315151821873,-0.5197679158498109,-0.9323210875127468,0.08209597794032035,0.30783301759558884,-0.08928855654161935,-0.40642457470013627,0.8060799188092679,1.1898490845797467,0.3829231518420138,0.813335830681951,-1.869379328054936,0.13162530849723056,-0.4819976055853498,-0.4326456879574394,0.6919573839429276,-0.10842906802014189,0.1857544749664133,-0.18944337095461294
