date,c1_s1,c1_s2,c1_s3,c1_s4,c1_s5,c1_s6,c1_s7,c1_s8,c1_s9,c1_s10,c1_s11,c1_s12,c1_s13,c1_s14,c1_s15,c1_s16,c1_s17,c1_s18,c1_s19,c1_s20,c2_s1,c2_s2,c2_s3,c2_s4,c2_s5,c2_s6,c2_s7,c2_s8,c2_s9,c2_s10,c2_s11,c2_s12,c2_s13,c2_s14,c2_s15,c2_s16,c2_s17,c2_s18,c2_s19,c2_s20
1960-01-01,0.06255605456118431,-0.09189416625697888,0.20195152517847406,0.2713728304620941,0.5444864310142263,0.16073264416951266,0.6074869981163782,-0.5667031644869002,-1.2132622760704121,0.15194132432968424,-0.4113022756692635,-0.6386036988914866,-0.08066657002245824,0.07353302064295938,0.074474376365574,0.29442963217047363,0.6242471454002504,-0.1863944030130828,-0.10965423461326133,0.06816447623928176,0.04918900326119251,-0.954653445637417,-0.5471172283438119,0.03121025166248508,0.27214566485142566,0.2760237204833844,0.36481540301089027,0.4921162623719179,-1.0497254900865758,0.44926890808908615,0.192177163384741,-0.6924281174228271,0.4286773539150898,-0.0715378959529833,0.1691879489680298,0.3516192414498441,1.1784445248368145,0.3393558761661477,0.6864343667513882,-0.7642587574857135
1960-04-01,-0.17099094337063928,-0.5819607828187242,-0.28920628967384854,0.7525665186320399,0.2255374798895958,-0.20889412783744762,0.7893682205784023,0.03694102807910379,-0.3225617168608516,-0.18861283292178713,0.36905844417515354,0.5262629734943357,0.5578314723475292,0.08005253113970456,-0.24925406191323668,-0.07691693963521369,0.09704633671760404,0.08812102555386932,0.39936017465823803,0.10021600574401797,0.07055402239639993,-0.25862235526938854,-0.33179322046972354,-0.05036446216099058,-0.08214761670271255,-0.050171962914134935,0.10581601826802957,-0.022466063465453667,-0.6009599372889048,-0.06659082676168085,0.14674839765875175,-0.23927649057652614,-0.047596026299708945,0.9528295083512247,-0.046016507597866435,-0.1906756740263094,0.40311811681078485,-0.0695295974512026,-0.3282417250597284,0.06024649114800167
1960-07-01,0.0793191020076345,-0.550629441422622,-0.028416777717071507,0.7497227458029111,0.6797234907854901,0.6133899569281218,0.18564665520111442,-0.36757548656072153,-0.11510158763347622,1.1159399799209713,0.37152217403313226,-0.7866354089218669,0.05967191281617092,-0.24970968984521888,-0.9782944016867151,-0.19193179567224422,0.42212892810664326,-0.1883168164693312,0.8390725541259673,0.04861860742995288,0.09493309017922401,-3.4497342829643602,-0.7247929457610564,-0.11490801471112125,-0.48289374221228376,0.15878411909116322,0.6652446020764026,0.7980480192542344,-1.0316271101300791,0.7704864590262015,0.5682659838982386,-0.8082172312650955,-0.8063056953544671,-0.23093747643465729,0.6878746110324923,0.2375864174221768,1.952188441314403,0.176879210487923,0.3642760276796644,-0.6127514588596841
1960-10-01,-0.03086424695806966,-0.45939852260249,0.3539779608506372,0.06328411080814203,0.08041542709895937,0.23103292435708553,-0.7373532763292064,-0.9383307446254662,-0.6324353136569419,-0.21323666384631104,0.0631924810997156,-0.4824531982180593,0.3611205653587206,-0.4867330798384313,-0.09509625063408755,-0.07744263576028429,0.2068184450644602,-0.24019530436392858,-0.2453520755624865,0.0013617880069197196,0.161034564883186,-0.4218569098721814,-0.755767998009756,-0.06794167307357528,-0.6862308009883462,0.09467398495581535,0.26983700344779576,-0.24781675565580272,-1.2469439005764438,0.6788135092556845,-0.26987250412516073,-0.5344212501953127,-0.21879313626888808,-0.8547775007818037,-0.20866328368220974,0.08542272915330185,1.1437224627695803,0.36829621151886754,0.5837427421614443,-0.4782447974178847
1961-01-01,0.24120875597877076,-0.28473485700203605,-0.6035220098780205,-0.3363846295281168,1.258927809572896,0.12573866284988927,-0.13683740284024168,-0.9897935339080354,-0.007913417534295916,1.3705638635759028,0.45402144895378144,-0.6733922196732588,0.3917139848887521,-0.21700498365355872,-0.39924023796104313,-0.2689419064969797,0.1374980457514569,-0.4065591588457298,1.0001194387036336,-0.015414193699073915,0.2620007387170101,-1.6496430957239747,-0.15602128804626,-0.028055081892334972,-0.09615482616894233,0.20094651509162365,-0.3869144216021604,0.4636810282412209,-1.1180713111385396,0.1984881039693357,0.08524874142122675,-0.0692279384419018,0.5242297783304194,-0.7703722431396107,0.4511909699317531,0.24588966967295145,-0.15037966148872717,0.2999237418791093,0.2627936765294894,-0.1739956558822126
1961-04-01,0.3039389413733994,-0.4271668354070294,0.33486506368457586,-0.5586909540098522,0.10703387390916613,0.9502040669690199,-0.049299882089248216,-1.4403745409731723,-0.8339209560636557,0.45163435211523806,-0.2497585669277413,-0.7105606092521868,0.5031171737377232,-0.12773258441326432,-0.5869921754835876,0.3630031224598321,0.7851652162081797,-0.7176540063619019,-0.09963701866393891,-0.5652406441417818,0.6542037594426952,-0.6331608741914463,-0.30024011404442763,0.3882397470099713,-0.2115831829958721,0.6442195868489007,-0.9218215619606656,-0.27784094229516104,-1.6437856266458064,0.3960078430998333,-0.3355174765407349,-0.7665241217189378,0.16969761774233574,-1.1900069663345803,-0.5448403577145206,0.9245140807839977,-0.9261979467170939,0.5241605046861437,-0.04514464396827806,-0.9059235212942365
1961-07-01,0.853856682680986,-0.6654488220778311,-0.49003527631718424,-0.6235487281388841,0.759482910135203,0.26556276572541915,-1.105877469259721,-0.6325358672685722,0.08963619639163521,0.5272770380528585,-0.4196793752047723,-0.8553962555068725,0.749699023870229,-0.025437481873822252,-0.6634031447628763,0.06115237579263135,0.40035404941337555,-0.44802573352452135,1.4636408826380927,-0.5604978098455192,0.17006526865720661,-0.5448197195490149,-0.8844948108893608,0.36404970084614185,-0.2750295502004493,0.40145289909023063,-0.47349947901631684,0.06446141997125857,-0.8340059163451193,0.8278632816667382,-0.6315524647032216,-0.6134295421705311,0.4119646079236614,-0.8036093524377631,0.45257845557838117,0.30188820331454475,-0.08891898425769561,0.28073615736013013,-0.23676239448285585,-0.5448409258842665
1961-10-01,0.33597536647339027,-0.9027144189288683,1.6637971469672017,-0.43277057897625976,1.096907661106864,0.6699560555877992,-1.3948924084446024,-0.9342701980754762,0.2381804614556819,0.4909242476220804,-0.39958842721821014,-0.627430270062745,0.41132803746905366,-0.23624303531321417,-1.1946621718844865,-0.18969558405595682,0.31907311344730693,-0.6914293326754737,0.4958418153183904,-0.6111601598029621,0.32216393788010245,-1.962483152902629,0.0741477198951028,0.5995481320890709,-0.4386907664299888,0.5823441156734223,-0.5004409660778346,0.5958295522688151,-1.501856283243607,0.6051905219642179,-1.4383672798696607,-0.7363582007349244,-0.4321192449699717,-0.15406488771181553,-0.3914790347633149,0.507239471348719,-0.3264891047628307,0.5104295080685507,0.8021421037120833,-0.6297996279701286
1962-01-01,0.46723660166157627,-0.45214498288527694,-1.6007226162383297,0.42637618742813876,0.746409914819885,0.6191257250115364,-0.47953050229056304,-0.5918721439034019,0.28553443750968893,1.351626452252326,-0.3902821457313004,-0.8497636113078356,0.9610629643435429,-1.022454612115153,-1.7787957272185584,-0.8312379131637354,0.6416290779999463,-0.6811917002052236,-0.10558600345866843,-0.3752398155318434,0.20512340758966752,-0.43358900477671,0.2363640532106125,0.3520487277414532,-0.9383631199791898,-0.011366076568159864,1.3012381625169351,0.05978687786075711,-1.3897809338960385,-0.13109656005798154,-1.0019756743221824,-0.49148324225487994,-0.7412483629725546,0.7612485857357008,0.4953014939209724,0.1672442954322336,0.747982649209342,0.5607602706277638,1.3811433676689633,-0.6340674478023122
1962-04-01,-0.06258307775130245,-0.023164305042792738,1.2313767234088522,0.3106315570102971,1.4291778299739002,0.06574338099878188,-0.6140213430282492,-0.5729622107058604,0.7349347961673331,1.2477437683863946,0.24355741031961023,-0.12774202287320666,-0.14672778825848393,-0.19720324872136225,-2.008624416839722,-0.9628202174409737,-0.11879866614380843,-0.05815296385050794,0.8867169814716644,0.10398087323960058,-0.004406441594054649,0.8624937607764146,0.15952863760858715,-0.0024782218278076823,-0.14241679983689326,-0.19359946294044755,-0.18721564872256372,-0.1445159934905905,-1.096179034371093,-0.28412074754120914,-1.1806054487973572,-0.061169554454495054,0.8176583019544439,0.2836258796952481,-0.27622448484454176,0.1336450858931267,0.47014137950998314,-0.6055010698406341,0.03955078605489466,0.36436936008366017
1962-07-01,0.2920956137227232,-1.0910857642580638,-1.7117597479867759,0.28735171308350316,0.9202943519333844,1.160096839285928,-0.09830423947658036,-0.5099837096549377,0.8455862944686258,0.7741406757872521,0.4547392355825536,-0.9160034375546388,0.6566204423246813,-0.5582867804877482,-1.7310773197907336,-1.0991402039883678,0.36200533827871817,-0.41004857490442165,2.3344096264167096,-0.17504300243733167,0.2526274806111914,-2.9020818171038645,-0.6186699734600889,-0.2968330096576566,-0.7068371465700217,0.23314035434625485,0.6898751280926472,0.8284449117874665,-1.151613017350648,0.2835434413296461,-0.8594057563458395,-0.4643821355228169,-0.28028778601395454,-1.1837905121423749,0.5209426887038608,-0.0382126159162251,0.6631531682222609,0.37864458449823624,0.2743027801024068,-0.3855482709357499
1962-10-01,0.3184035794915326,-1.659021993761963,1.8944762382961926,0.4745768676727096,0.4256228079805448,0.9072361983419137,-0.4476462502930134,-0.5007997489072279,0.2773851091117495,1.4869476132846253,0.40308486148031897,-0.7511703647367974,0.9228011672310831,-1.3947859034060044,-1.264978552083535,-0.842661769542805,0.9601440466604516,-0.5654451511679217,-0.1707951408861925,-0.7510568104841907,0.1569838300679295,0.32935478855299444,0.7414834478080948,0.2631977245242637,0.14627368584786118,0.4704340684643169,-0.7029611404833938,-0.3921331039424665,-1.2218488787548065,0.666680517673472,-1.0597233211236832,-0.4400880882609812,-0.8655346111795708,-0.5389821588847761,-0.4170650039898494,0.4362945498800815,-0.27346521619627834,0.2988333124552981,0.24754461236272723,-0.13517044210444337
1963-01-01,0.31896755266285776,-2.141091178955471,-0.47837683722625773,-0.6731233993862981,0.1810744297028043,1.148867654578222,-0.059903396644557357,-0.9070340693933342,-1.0076478982878805,1.7947576329998858,0.33141514167383024,-1.79205414017666,1.6577820102195935,-2.090909382064662,-0.771295740772576,-0.8991515499383546,1.2333524622152254,-1.2064395162741337,1.3513745795146153,-1.0256162469825936,0.6414971264879507,-1.9228462998411204,0.6609081921261447,0.6363507098658294,0.18404012912767106,0.678782114477505,-0.6262098296850642,0.7230088813851171,-1.0351983450479283,1.2270479246869699,-0.8242685220026235,-0.8277513372209641,-1.071028175903478,-1.5541439280437621,0.13430461171674762,0.7297808744785009,-0.6065840006841107,0.7422827121651085,-1.195071216653095,-1.294233351908427
1963-04-01,0.2474923594242935,-2.2265227140495703,0.44544645326300564,-0.1485074853326851,-0.21013996149043232,1.3272562444841882,-0.8178405759299342,-1.0213294346577626,-1.2350472766143135,2.280051994791055,0.11587786040538854,-2.2035404599880377,1.1409327168200054,-2.0073004720988643,-1.2295056672369846,-1.3060825115490227,1.2241332952167274,-1.3030346811139502,2.2392631167815122,-1.0309636393178738,0.3592283474520763,0.40707621757874995,1.1334735110929113,0.6526802317121915,-0.1677502806047065,0.7329601643779323,0.47021352377503384,0.21856474533352493,-0.4670527596310189,0.970963507462564,-0.6281717863460107,-0.5871831062538683,-0.264713166358563,0.6447013241342437,-0.25569394532156403,0.6041330622182398,-0.16852361123616,0.8174955240721666,-0.028899577971647276,-0.27208742307003925
1963-07-01,-0.04099960165285049,-2.7698774300258933,-1.230247323859982,-0.3100292804018613,0.37962518376223714,0.6749843610812717,-0.6821686507708731,-1.0047233088677598,-1.3210023654516494,3.0875289334969533,0.795868849464306,-2.020612160990048,1.6949720640963715,-2.5772720391529638,-2.320385541813165,-2.0738651505797394,0.676701292507257,-0.9897936671441708,-0.8175017509146795,-0.9153957544040175,0.03801535202608696,0.29672079470177976,0.4667312903431828,0.3044329202423103,-0.04757905639289852,0.21328481964817766,-0.2021886786769413,-0.1549386355529961,-0.264924073770844,-0.018553872765985222,-0.182099269745219,-0.2654203180131923,0.057397660081030664,-0.5195226650196082,0.15770934659245142,0.16026050562416455,-0.10750980601726472,0.25876628463358003,0.2817913258888153,-0.32911277097651065
1963-10-01,-0.18565775938864126,-3.320079701055961,1.5548131206124158,0.8307543098675885,0.9054239455262633,0.5233880847239146,-0.1689005569685081,-0.5600535698192829,-1.2884072272278244,3.591632639252192,1.2380998236441298,-1.7972844449369443,1.0218174505826705,-3.2955291263484887,-2.567221117135522,-2.7461131082755874,0.626282928130316,-0.6743537300827999,3.4679900982083165,-0.6286050728671196,-0.13977144333560518,-0.6903412045825394,-0.9230055343283577,-0.2920109956247858,0.14183527448660882,-0.288020123874825,0.6370677123045797,0.3849439217806627,-0.3472311481203308,-0.09326160917037794,-0.46807717955402556,0.04073334461484992,-0.12943669367690588,0.790372353067744,0.36859848224306146,-0.14549071876514777,0.32093231841259884,-0.25167115272783347,-0.1108387805179262,0.009596718049963458
1964-01-01,0.02361986713295297,-3.0289708872452823,-1.6169258584297892,0.6523127508664385,0.4653325141328596,1.201104857074828,0.2552692216507626,-0.9116628183757814,-2.1275324940099103,3.480133930493188,1.1024231590521676,-1.8234894119167275,1.3637257390185518,-2.8403259231503895,-2.9480107918753213,-2.7970109287018032,0.5897928859235583,-1.2787362091113357,1.5975891027728897,-0.46496384673769026,0.1100468059854218,-0.5657587187943988,-0.6550653651256316,-0.1874210810894927,0.21038598576588294,-0.047507873368405215,0.8660396654280936,-0.2689472877008199,-0.6468254326855645,-0.3617361878421953,-0.71261384311489,0.13652647218095196,-0.5494524535565535,-0.033500557148681546,0.14620859769539862,0.10118924186405691,-0.2648014788995716,-0.0976404428865764,-0.2369592096628799,-0.17567797368187812
1964-04-01,0.2471120524614345,-3.123838625342686,0.9929725831540459,-0.3657037630448304,0.07582827456018632,1.08396728597941,-0.4271357542099245,-0.8357887029637893,1.5188951600030773,2.5241235484595417,0.8864216664913794,-1.695558945542418,1.2257284028064601,-1.9365773691752637,-2.119273896014746,-2.099314755938325,0.741035271409011,-1.2136692775131062,2.440614616561539,-0.6660746950547052,0.016664783535731722,-1.1640468012379241,-0.879496576833965,-0.03383630135095465,-0.07709425823587562,0.10118821138797902,0.7981569858225819,0.11098739519163105,-0.3568110760611534,0.5944125796983528,-0.3433955513292796,-0.3404213676806005,-0.9715972177113401,-0.0035809779770716297,0.09133162506990918,0.2503068171205877,0.2986770746545751,0.10880051456279406,-0.21588493808750064,-0.4183521100995921
1964-07-01,0.0960797380016899,-1.3564278178888018,-1.273189252324167,0.038008403249134175,-0.9283374320769746,0.564650833092164,-0.5097438465939509,-0.5567399220364737,-1.2794145716703638,1.458680298744981,0.3970852263070891,-1.5369646872029985,0.5284960707499702,-1.1203680612559173,-0.7825600156331521,-0.5614931048823105,0.1288291107915696,-0.8610633821140096,0.5978895603436787,-0.35918565786412326,0.4623974020459332,0.3985864068835036,-0.17619635587689972,0.23641277271044317,0.6530401403372964,0.40186860588723244,0.6677460810811052,0.12678228428921778,-0.30709300180984145,0.4094400803256928,-0.32756543823927103,-0.2428368147258216,-0.9158647160125769,-0.11187677921582144,-0.2108900101951576,0.44745303368797984,-0.3342347055363337,0.2048698886895748,-0.30859037739855083,-0.21592466109355202
1964-10-01,0.63313263011321,0.8895582104033116,1.6501564514365001,-1.0008206330292022,-1.6485502605624376,0.5715350322994696,0.401982203215356,-0.5297659011247273,0.7144560210294771,-0.19161185601546218,-1.0988256996294439,-0.14093358556036295,0.22741233491885948,0.18818502893489886,0.9572546601322635,1.0531609619529103,0.2794611744652307,-0.47996084215841833,0.06222909559466861,-0.39467721116880616,0.9018804100973696,-1.8257352979072532,0.13097637798678366,0.4291035205214348,-0.404275695220839,0.6182211599570445,1.0262209376210487,0.1812934697801394,-0.8917997357241558,0.8838134739468388,0.25893855054459575,-0.7721275743858552,-2.1523519441058303,0.37917603391889715,0.07040540396795869,0.30782512762069214,-0.16287623752160527,0.4555866187544385,0.15306262109835647,-0.6040449194977552
1965-01-01,0.08394939831890506,1.6265993162175048,-1.5428171941761446,-0.35170248840557106,-2.17757591814347,-0.027223628985250117,1.4723319192573778,-0.3947971525347092,-0.0069296132140905485,-1.748154009817882,-0.8850932527359128,1.2154582233333224,-0.12481829432280635,1.6633359722286125,2.121146110646249,1.7536785584044048,0.5602864099823008,0.0310879374012243,-0.2628017194107514,-0.299820628976362,0.5392427367330703,0.8717148411381889,1.1640500777860618,0.6571020423277172,0.6172823291531642,0.8433812673163004,-1.0352223507635994,0.049061578247585336,0.025329637813382086,-0.0998969875171294,-1.032426373256698,-0.5153261937609442,-0.9240762628429615,-1.0368063469516402,-0.6998146279352578,0.7120981094968631,-0.1529428470093877,0.9268511022228654,-0.6392649966944532,-0.6313549746509148
1965-04-01,0.75123689250227,1.3735093145253023,1.077219434750071,-1.4174322070387266,-2.2761988260582973,-0.14794441620838314,0.49312895391301753,-0.37039875119026966,-0.04496589170137783,-1.5440978639099845,-1.4309230365552044,0.19150542031540058,0.41863174280573506,1.7659127952545148,2.0472531076793534,1.3855461515766272,0.4188740118183466,-0.3443986767454397,-0.5693543738583042,-0.6374000892470324,0.627675928445728,-0.9405998371305798,0.7644716252166601,0.6698157015727887,0.21779352940932195,0.9561157011694664,0.4773064628314435,0.14041491115597368,-0.19996148939031552,1.2063324533940334,-0.5255090605057309,-0.6775428767390694,-1.9881895361960373,0.09285260441710441,0.16739178642191926,0.7188529494324093,0.44846223858384493,0.7324280245886848,-0.44140881702586054,-0.894882312647745
1965-07-01,0.5274425097958041,-0.5162782817719171,-1.083724013919191,-0.5442732902491603,-1.5335950491882695,1.4624912856026029,0.5784886206493457,-0.8067050712457274,-0.3112863359127395,0.41260609012574806,-0.4727611564000525,-0.42182368356045946,0.5931952487178355,0.29965389751276356,1.2506415288322463,0.5987043686876748,0.5036726033485491,-0.7943193747199074,0.8253458800836558,-0.7687699707820244,0.6729533562037178,-0.8573929044555966,0.8053207340155563,0.7911216849216574,0.2075132701758285,0.892585748501994,0.42764358230017374,-0.23905483490578955,0.23428480822634723,0.21910771831915613,-0.20270676903085,-0.7350004288894726,-0.23565282388272432,-1.595313498681201,-0.6285022417666174,0.8529835421851776,-0.2675958132211841,0.8452449517061853,1.123887129641886,-0.5775305772897572
1965-10-01,-0.8061954331285065,-1.354641949376169,-0.09309035264114425,0.4471198989245734,0.15250580188503218,-0.661457584781627,0.6194485745756915,0.5271546695159198,0.15199343987088473,0.41159940944302403,0.6336308440043732,-0.1056698867613807,-0.16851426871563574,0.12580759590023638,-0.21254042996582587,-1.0434690293124111,-0.2281398686339142,0.35594614584636414,-0.27334257236436305,0.4302841434816754,-0.8476483931079294,-2.381590426976595,-1.4200428901940698,-0.6601389515666621,-0.564722633701308,-0.39778081985636493,0.375343738193992,0.4637748157892035,1.02919589049103,0.2056726678762882,1.0329765252075096,0.2506833714251291,-0.48469571685724805,0.2307599225007969,0.8011544546127497,-0.5032215489212293,1.188225483276795,-0.5926157786725879,-0.23701764327343872,0.36937555315791837
1966-01-01,-0.8487313685555923,-1.4053444880962718,0.7085376566401719,0.5714808658272084,0.3158980878459266,-0.19503141863193413,0.884021923207599,0.43721813598996645,-0.1786991565517855,0.27620862678441227,0.33872144084408873,0.5410613574572348,-0.25204584931204305,0.11520521533359131,-0.3256809775351074,-0.94125621424335,-0.7560007469905249,0.1451129396465063,0.9555065776649324,0.2721529388905469,-0.6203012824511198,0.9548992351552721,-0.4817425254103692,-0.5580499471232763,0.03435970947086682,-0.3830579817231194,0.2624702756555116,-0.001944605220706963,1.3874620296144218,-0.7444141429453489,1.5377647498305502,0.728713211706368,0.2096937936421481,1.7111021791355383,-0.13111340875791416,-0.600199395381809,-0.4538222715015159,-0.46201571574257727,-0.2146336344308921,0.6284694363101816
1966-04-01,-0.24128983081778033,-0.4805377143947409,-1.4357193627870697,-0.31078686195747474,-0.7066174383402399,-0.05338413487520921,1.7930144881163836,0.19265206893499975,-0.7708085165570474,0.07229959505686913,0.3600242661433536,-0.009920005489980017,0.2291927009881886,0.33025845111006974,-0.14382129491378828,0.04480831996009803,-0.1866205996596474,-0.09980880047280197,-0.07689724803337804,0.005481768383101729,-0.06030143783794272,-1.4268129666713851,-0.04735208420526296,0.015495654902340197,-0.3156725466378018,0.15375400830787803,0.23126698744241928,-0.06285433152586149,0.2704608153431935,0.5221639205273676,0.8774810884160695,-0.2639582869479385,0.27351675665369296,-0.5396527480707624,0.2789665517898958,-0.010241465289368394,0.6437592344456446,-0.07368769575926049,0.23978265523832282,0.029333572350774537
1966-07-01,0.798086960392439,0.13311590871214415,1.3585522222604722,-0.6584377409937342,-0.8440638253879368,0.24606562892641404,0.7409047042202318,-0.9249543229792564,0.581621707387591,-0.4415347389776971,-1.4296370403071534,-0.23270824937667497,0.6904590854230305,1.0343284424791548,1.0285728834460741,1.350668842220315,0.5267382216067568,-0.6334010715228211,-0.18430841988566554,-0.9768118694099271,0.6604565500576497,-0.2554932232195019,0.04718279406682083,0.8335859298918344,-0.05418411468959986,1.1824797774586056,0.7867302631486435,0.032160908007852096,-1.0788630187930286,1.1766005309527503,-0.4118984150073378,-1.3070198967599724,-1.469434537482323,-0.7392146588220158,-0.32761556090460686,1.7178947878923534,-0.48092817079967076,1.069078200142653,0.6646949282504047,-1.1851087724173366
1966-10-01,1.0936219317518117,0.11027686002341497,-0.15171002255137492,-1.6341467791728137,-0.6484545261357599,0.7596272150821795,0.11114915973920139,-1.0633057820482619,-0.7671611771539747,-0.1557063845016624,-0.6355178240443067,-0.9314029123823129,1.1228446660700124,0.7125399799523023,1.187881427247168,1.3625492034495224,0.834742013397029,-0.9523513971585807,-0.10463004911132565,-1.2880997395158267,0.8126099625516775,-0.9192680281898788,0.7506500815306147,1.2955101497879618,-0.2397542357686985,1.4152405120277454,0.190888283854511,-0.3743151824792818,-1.54216862912265,0.9735772119740023,-0.5677398565687775,-1.4745455928042477,-1.0502552637535125,0.09164434987050452,-0.5996000162119517,0.15388197462895944,-1.0260875320236038,1.3860185210279312,0.08506943963011532,-1.3460699295534728
1967-01-01,0.9994774492706402,0.10054362208926483,0.36392497991190853,-1.280906165322145,-1.390421789861209,0.9625618025103938,0.4859514451566544,-0.9471591101068949,-0.7316984054561567,0.5403779135301559,-1.5358157787832192,-0.5809031900069984,1.290493207019274,0.32893745485386094,0.5187325660451236,1.2123678210550406,0.9364795978038915,-1.0185200423688303,0.5395377680095423,-1.0853500428845053,1.0124354467000092,0.5424965824711077,1.321603363549724,1.199225151283807,0.3777240010617496,1.4209374831107273,-0.592829016093081,-0.35033966725943255,-1.6105868087210702,0.8666209970452118,-1.1043094202687436,-1.1264546055946343,-0.6811697244834389,-0.5224633290337648,-0.3043950980335297,1.2615928421269618,-0.9950162347911162,1.3333018120585403,0.8023567485600028,-1.3243765295227097
1967-04-01,0.22779406791469253,0.4050309361302973,-0.4875948130274622,-0.3759039773649051,-1.0066561688757047,0.07341320007822644,0.24083963947889522,0.09848823273990244,-0.7605851435067444,0.06066812969080806,-0.2578362342480614,0.27926204091801077,0.08431720303877897,-0.06847196014841038,-0.0872352409325746,0.6576414054022104,0.17629786146593865,-0.3175648351546199,1.2516007649511613,-0.2696421499718635,-0.42385176493898546,-0.09515256656250735,0.18418495326941714,0.3168046859903205,0.4188238748890812,0.5242625889196113,0.20291328333851588,0.036981369950981655,-0.7539734465272276,1.0753421070111768,-0.49473502672339154,-0.26650982015452496,0.03185922400375767,-0.35658948666988094,-0.29035195385816415,0.4026537136773321,-0.36438159115444124,0.3169291930983326,-0.5381954259189959,-0.27628201519920703
1967-07-01,-0.15310710853644507,0.22451510496691013,0.07802798728154255,0.4768066799995451,-0.5945510912543636,0.19474860010976386,-0.18742200279346424,0.22452133489860274,1.1320776203851448,0.3103074814504467,0.08321497278019818,0.6489906906023734,-0.3211402515324066,0.3116383021079012,-0.6030384142109301,0.037506027942880445,-0.15079336986211425,-0.01128738454613414,-0.0674814740564982,0.1540701223900536,-0.5712259511595634,-1.1139960356299918,-0.782648190216629,-0.1812910400640645,-0.17701578961218156,-0.09552256625946792,1.681293292148333,0.3066486585453604,-0.18551500793628709,-0.418300358556077,0.4959542139706827,-0.018181477061595508,1.796268986759312,0.14950412024074206,0.025028863615558308,-0.2685282993050839,0.5983456585216534,-0.047590031778164406,-0.6576406281697066,-0.06612367934922833
1967-10-01,-0.232761667239828,0.7727384388309333,-0.31547480433723846,0.26244766842553124,-0.6293679306426954,0.07454193649526102,0.9009045547009,0.5266518233207104,0.8737489448876185,-0.6517216516641344,0.5778266833581099,-0.2522377435031582,-0.4624145910167909,0.37639443244057136,0.16771522856350038,0.2903783267025198,-0.503902451550999,0.266194413305574,-0.3928139092464582,0.2721282183912473,-0.21711018299049953,0.11971891921368351,-0.48929332064456954,-0.36798460991844234,-0.32269843886253213,-0.23424079023912045,-0.17673953259912317,0.7155014500222702,-0.03880391458192112,-0.3085994050014995,0.015227854925929651,0.2340256080560916,1.1719424142888286,1.469787212178125,0.44511737779303806,-0.1702696898539944,0.39680953371185235,-0.4039645650398426,-0.07047158351068002,0.43384629608755526
1968-01-01,-0.21831403815484313,0.910131817451324,0.6241489669733233,-0.00236620858771778,-0.6106978154517698,-0.6555201133481763,1.7579178976092908,0.3702772923387961,-0.34302170714635327,0.5206248200939609,-0.1146585380851981,0.5150545650399121,-0.487067203110585,0.626799018148099,0.48785247335921783,0.3897657000950981,-0.272378005442906,0.18449634291165318,-0.11718258212544333,0.2706708236432847,0.036228575337833246,-1.345184782621751,0.2622655199156544,-0.19807421245150172,-0.17083524028797112,-0.20588314599930255,-0.685776784098402,0.22801857205560333,0.10842793399132071,0.07607463117928365,0.24904707015630756,0.2739617855127219,0.6579478217285595,-0.1727443963874454,-0.25315837028663646,-0.1017870212522313,0.4472498526162004,-0.09756527564265521,-0.27943162159879303,-0.20558993962256042
1968-04-01,0.20331937661055685,1.3370824131031958,-7.386715577881532e-05,-0.7148585078785398,-0.7562963535477294,0.6133206220116806,1.5361862475807828,-0.287183054014567,-0.5625330609042482,-1.1966179358664586,-0.5424491022067951,-0.529648774991989,0.3904191787032278,0.3148314824776423,0.5582863191335046,0.789787158327387,0.5046455992521551,-0.3730783031676923,1.962679405632693,-0.4300758590995217,0.6986995105842396,1.9571621403109682,0.8107634674952836,0.6411282260812545,0.49788699429001115,0.549527182710474,0.025015483575549436,-0.2186155183688897,-0.09584002104108227,0.21591744254520964,-0.51522555797689,-0.22389929558040955,0.022340939369629945,0.7360169080834362,-0.7455448894365281,0.28249436287826574,-1.3033632262246402,0.5518565327987517,0.2253517679649622,0.030362784967977827
1968-07-01,0.5919451745506343,0.8100424165111422,0.7028581119657288,-0.7620618675162464,-1.0831082649720325,0.2859632002971719,0.888636787876134,-0.4542168025119531,0.8761425572948145,-0.01875872477349696,-1.0888371469222762,0.2697749265231,0.5468588739993332,0.19294617106526912,0.8983387425980363,1.2265473195459777,0.7506219001837856,-0.639725214613559,-0.4704456766231542,-0.6313606089986339,0.7345126198595054,-1.1594866700571953,1.0090555492906497,0.8679972941705911,1.1664701406435516,0.7865099818791065,-1.2799794756545604,-0.2682419593511294,-0.2813812080770711,1.1313871060393534,-0.3261083551052584,-0.8803270181309851,-0.5029777434178616,-0.8583815671712777,-0.3082465299112235,0.66475370715879,-1.2282317875847906,0.835726029042505,-0.7639067482847899,-1.2223155583994365
1968-10-01,0.6911050336940504,0.48110246921026667,-0.7003164691378081,-0.961404300955543,-0.793385387519541,0.6155058013094075,1.4928511661378743,-0.8620938898348889,-0.3619332033156956,-0.2782227450171376,-0.6524073909441751,-0.23053071173038459,0.8010074353479075,0.41011586500878333,1.0495475146096376,0.96952539416142,1.157648314683325,-0.7944512759557679,-0.2803000575282579,-0.4471857814430666,0.4926007026608566,1.1369116253235327,0.5953456570318721,0.7844345450113807,0.30367045644008006,0.8259270643357942,-0.6831868787632983,0.2090424511857423,-0.33383963919114495,0.7601647860734831,0.32934607331276217,-1.1074964775276628,-0.6057358996971373,0.17628988067486862,-0.5465889639181636,1.0298091241887726,0.15386799594216335,0.9047027893332539,0.6102728511760979,-0.5362655739056088
1969-01-01,0.5392145400105104,-0.06211627106179216,1.175508703568293,-0.5804872729459026,-0.9627356854666425,0.6791029086155098,-0.6631803759930626,-0.8645107475938263,-0.3721354765900056,-0.46600948731222286,-0.6833004339483766,-0.7905644282582528,0.5407111621303385,0.10414509506570638,1.002397057651372,0.8877758695635448,1.0192572591745472,-0.6122967024813435,-0.9022881086006863,-0.6052137567518081,0.6070561609034172,-0.4900681593403596,0.6717782093249135,0.7484216968566532,0.32914651428466074,0.7504820696913095,-0.23601153129678118,0.3845050399422571,0.03834216127321402,0.17932638732359396,-0.33703760885968637,-0.6187029453913949,0.11309689492533483,0.6497122836504231,-0.4998738758344407,0.5042881854189297,-1.3826612365623632,0.5059546580767161,1.3691467394931478,-0.8122907821009484
1969-04-01,-0.3925818813993262,0.25293404408567816,-1.4700497038948275,0.12206558841467306,-0.689643326254081,-0.10537470142856094,-0.4398774857796888,-0.05986206649236566,0.8220570461087184,0.3753681071552591,-0.3043093562372741,0.7192562904000059,-0.22040609944410855,0.21272019030251102,0.5281922498514053,0.35864075262991707,0.2529547037960575,-0.1495934968367682,-1.5280330745937918,0.04604827605146501,0.040033080546693085,-0.030479734384390604,-0.365696810035701,-0.07661795800707187,-0.19519124875500057,0.254191671314821,0.4767460147144134,0.8632122140016478,0.06312836310572661,-0.06638459888479527,0.7441641316726689,-0.29755585567996923,0.6496815502882428,-0.003324220868327883,0.016279556801403333,0.289335204108345,0.2012749068492573,0.00942881202780254,-0.165010509435141,0.03369123074163767
1969-07-01,-0.3960443414616566,0.25875562482382314,1.2090411788932225,0.7751631675295247,0.24223478321115577,-0.2771024414035614,-1.1018503937473152,1.0080995836349167,0.05194468706375381,-1.2582576711411075,0.4314574233357315,0.8905558285919354,-0.5849631776963861,-0.31644768135786144,-0.46502404904275824,-0.32219501523957617,-0.3644599950730096,0.43338382319646024,0.2418029995817197,0.6226468780999019,-0.4960076021644924,1.4390612081944911,0.0022746753704023467,-0.5392102482120413,-0.5295370405008819,-0.35737198124526864,-0.3311479501334484,0.6667568113525683,0.5997392321074788,-0.83616057991314,0.8724664140615671,1.0049816360592865,1.7641402893591522,0.43463305354618087,-0.011290982683795758,-0.5876684507173151,-0.3300483429673471,-0.5961317607475878,-0.301536657922467,0.6952942413685405
1969-10-01,-0.36022372500439,0.10334042548271233,-1.7901124300660975,0.15211556907818682,-0.25164392652131923,0.0557888938357587,-1.6981391708730629,0.8797615805625674,0.7690084963860648,0.753958211890053,0.06698958760167216,0.3650255609981912,-0.35720956602407555,-0.1476091725221524,0.08771902246228816,0.0589675644277164,0.03373399669651007,-0.00014664621155562396,2.203917188266459,0.26183118489723783,-0.2879109677021416,1.8088518740638928,0.018502664619475643,-0.2601688229353862,-0.3711008353552518,0.13671951152265469,0.9136043862013574,0.16205271599198048,0.20824290873903276,0.4777275960795878,0.32919300045195665,0.2997957469251764,1.0200423265120357,0.6082182350412373,-0.31271681891153563,-0.1325491461335248,0.09040902477424115,-0.17904214501000343,1.042524627502168,0.4683340610759896
1970-01-01,0.34397015160735595,0.12741403064620238,1.7528853633257016,-0.5568379355476878,-0.5901831539403296,0.15505406125493418,-2.031410893029995,-0.4294151509742903,-0.2438598110609695,-0.4850250933560372,-0.5071113531886368,-0.18456504675717847,0.5320255075342784,0.3169931416708761,0.4752912832704145,0.6180022897970049,0.8288797570760247,-0.6645343796227352,0.5995410982943287,-0.39499537648289695,0.9244685264130138,-1.0516093982913615,-0.03314441492149339,0.43089493820882785,0.31204030533417143,0.6688682606532662,-1.016078923433717,0.21770612891168376,-0.5628500875697942,-0.442365308059868,-0.432365625567258,-0.4543440569883598,0.45839522806751576,0.4765074962520073,-0.14107115974610443,0.5607586700530948,0.22345972963067348,0.43485793953683155,0.9321126632816679,-0.6404915503048824
1970-04-01,1.0118299637141437,-0.11858971267012089,-1.0362817953522239,-0.7568429861709054,-0.8843015961933134,0.7947919497131921,-0.09184918774332473,-0.9476512460615092,0.15648045556542434,0.6099130237077258,-1.086479286133593,-0.9740488209279776,0.6705818776510165,-0.046858976081801104,1.0323796371932914,0.9624266457165966,0.5993167236982185,-1.0512125584726946,-2.2608572710099266,-0.8336092029972512,0.2863699328506662,0.968336742325745,1.5233970113840325,1.1193131283968034,0.6348881234724949,1.1136987558706333,-0.47828474354402895,0.1394867449625264,-0.8797292962443755,0.7981353496292318,-1.4935893761309191,-0.8452482059658212,-0.0840655783403549,-2.1018271503565584,-0.7314295114705008,0.9047508231064487,-1.1744093930253932,1.032425962705788,-1.4681101285719802,-0.8354525160332192
1970-07-01,0.4699628783826508,0.738817982800717,1.5823508561425141,-0.8583508304546099,-1.0806346190766813,0.5303869094458462,-1.4193544137619838,-1.1010193726201034,-1.1492816893085585,0.22961985330731127,-0.7735869939890117,0.08365696482808226,0.5859725587281488,0.41088809623974826,1.6077113638357288,0.8967196916565325,0.5125722249368634,-0.9188549362146715,-0.7384725748040181,-0.47107133599681666,0.6986221256993833,2.875759098914744,1.6586779615509202,1.0676718902100952,2.046266024478232,0.9714902320489329,-1.256114962552412,-0.24589627480263518,-0.5051689251835357,-0.01587403230498551,-2.3339957770525905,-0.382186649777631,1.4602276601903048,0.04628144186191501,-0.8419988216267362,0.7027287471048493,-1.8054681593677027,0.9982954707701641,0.25981565287899105,-0.5852115911897147
1970-10-01,-0.14462135640078225,0.48448091135009325,-0.8632722020386827,0.018333874540454126,0.2074336680146824,-0.23330638288874747,0.5810257329539508,0.086527169451956,-0.12417404452077738,-0.32664427325023504,-0.4805272122202913,-0.6249933063571758,-0.11095238896998419,0.672250333975343,0.32110034586239095,0.16329747175709525,-0.2591342118096699,0.0036156469837910115,-0.624716540542379,0.41129348067296967,-0.21325247571394645,-1.1298339377601252,-0.21837187934168656,-0.17808887690786818,-0.6432108559389591,-0.17262220334895578,1.0189485495465345,0.47003606890026306,-0.290931420441946,0.1691016970201975,-0.9328135102277876,-0.22385237701812183,-0.17514599147591772,0.38112833867327783,0.026847334575361592,0.009769441164251743,0.758718113776245,-0.1903237911631647,-0.5208421580195927,-0.12997841146527872
1971-01-01,-1.078638543073045,0.5868474577897336,0.44821985721378055,0.9544521260153457,0.932315140139839,-0.8549296423005641,2.2344822059993206,0.6500696607395374,-0.11226078701817646,0.18469317536040905,0.7304899970914763,1.5300632507266974,-0.8128183226142408,0.44981899796069197,-0.0011995955532288294,-0.4262984174956685,-0.7836561887249852,0.8209650453024527,0.3016316169778239,1.1415246005439013,-0.7190215739728018,-2.9975220510822758,-1.9807789235092186,-1.0567768087739693,-1.3399258861035483,-0.9849479843269464,1.6500319307348974,0.9635918115297188,-0.0029006217216767586,0.15250585208951817,0.7119389752247407,0.19259266201365138,-0.4596725228992843,-0.30607461479204207,0.8438019873285134,-0.8825123535923453,2.160823309395041,-0.8724512208253369,0.1407670816214982,0.3070532888442189
1971-04-01,-1.317065799733664,0.9561171456827429,-1.2764874175782266,1.0464572867129132,1.591138403149864,-1.408118803107018,1.2858378579645446,1.3775130680818943,-0.2370093880168271,-1.2471657584473876,1.375162105808327,0.6057190562504176,-1.6204926289554915,0.2564639289175533,-0.49990324604827774,-0.7965289984244969,-1.9168108374289397,1.5279733575408627,-1.8479041316876608,1.8386175237848799,-1.792378545085747,-1.0975413736583401,-1.7120651812314085,-1.5093533775957373,-1.7459005457922305,-1.723749468466243,0.5698198365056399,0.9313708577681217,0.7407135259606795,-0.6776788031311076,1.382010670565991,1.0821231213695042,1.3083202090442771,0.47758179757768865,0.7803459391048934,-1.1790725744489516,1.7348455289967621,-1.441873149818623,-1.1362104755590239,1.3153404928468344
1971-07-01,-1.0060397989390986,0.6227019377160699,0.9534446611625789,1.5406938328868232,1.3760042663153345,-1.3434529985475587,-0.022048082812093785,1.4252608628515833,1.0053071294932991,0.3039780803494683,1.060483251861374,1.8180491734361146,-1.1698486189094373,0.10355402329799736,-0.6209390702297654,-0.9165528024457115,-1.5145538612030292,1.263982287878806,1.4938910350887797,1.4242406081518573,-1.357772886907594,0.36449289444899724,-1.1484648213323483,-1.1439830128784023,-0.6327138993295295,-1.4690707634217104,-0.17041175738690426,0.3213874256984379,1.1737170879961012,-0.8091062365307163,0.3583047117146553,1.4751297257180571,0.8772480719561989,1.3697641696602427,0.30234351263074466,-1.223730617137637,0.9675375391932926,-1.271602397396882,-0.34766502684165435,1.6223157351770243
1971-10-01,0.00143247230187239,0.9663547226461581,-1.8796819981514465,-0.0039124798983638945,0.6577871895794597,0.16754017974554394,-0.2991689315011781,0.4257606457379499,-0.09725822238837428,-0.5389205109954632,0.2004510858444647,-0.8491685126124057,-0.275513295048412,-0.009616874778443493,0.061726103710465725,-0.07287562418911196,-0.2788763681438007,0.399250473850149,-0.37993994207858284,0.3663086517643586,0.17330606718115737,1.6860033750915748,0.21335783076491485,0.006344281884053924,0.35627573317283945,-0.36720874654055863,0.2448724871588924,0.013705170017813451,0.8105171036019898,-0.5291606797795412,0.196031101071049,0.4975655911547139,1.2147455922420287,-0.29552737209269264,-0.4199886082752747,-0.2048412989485043,-0.3128855586379367,-0.2812579392796604,-0.7267539156746429,0.34216671376274205
1972-01-01,0.383937815186206,1.1475918785341175,2.1972178007980525,-0.6115135137295457,-0.6927930129090746,0.6164978219468206,-0.13302871431991134,-0.5081476578571913,-0.3836431047618807,0.6498176964156586,-0.9338487400209339,0.5983288582241232,0.8419676550687142,-0.20775444278993332,0.8498293030773716,1.0023198820657393,0.4830764799050543,-0.7345895237291534,1.5911409267571686,-1.0397133358119064,1.0449100016548718,0.25331002835745203,0.9875432409125688,1.1091313820157724,0.579650272045492,0.7677658024034869,-0.43353576740540506,-0.07089048605507485,-0.5299899256880636,0.16695721007761258,0.21398490864436756,-1.1336331353488092,-1.7169025137981124,-0.3465273547803719,-0.4711483125197493,0.7391614608978763,-1.3221778316703245,0.7572433257214067,-0.5200807239300711,-0.8901172315413041
1972-04-01,1.219038659642408,0.5200368557943408,-1.3294571872641958,-1.3505471541485077,-1.0828164767532333,1.009717422182875,1.1251916641911364,-1.2139088245735972,-0.727809261056898,-0.011549009584943055,-1.0944931214243487,-1.656992669428455,1.2653151256638144,-0.39181091040385435,0.19984755555406544,1.088538842457612,0.8647821906624167,-0.9729743127591983,-0.21409152082918054,-1.1495394591721069,1.3832411511966611,-2.537393453450327,0.5269118532090727,1.1932164725649825,-0.31218926533317726,1.0416797970991678,-0.16778986579840252,0.23142031361509222,-1.7371350163523618,1.0300581545634746,0.043425932759758444,-1.7699261555648176,-1.1052462248796697,-0.310847223800177,0.40616435615093155,1.3062369995974215,-0.47355588938239324,1.24042413180372,0.10544262555314353,-1.6392567044816906
1972-07-01,0.013611996483749592,-0.20344531026202728,1.498842038150859,-0.02950527845384141,-0.26122994389666754,0.15874051024037006,0.39665416902195966,-0.22031788420036377,1.351732988941281,0.6270594215091168,-0.054841927762441234,0.49807956514158525,0.359497361426366,-0.6333501075604243,-0.850091948839998,-0.10979760332354728,0.4772366350453686,-0.5832746426131072,-0.0019170777249934744,-0.023043040973578306,0.4923094263452447,1.3294006800820777,0.7508414752102581,0.38695124663112374,0.363857921714397,0.07395778102119714,-0.6807155149740425,-0.40512224144671627,-0.3728023749660811,-0.4286419977605523,-0.08229356078967139,-0.12343618536669712,-0.6780942324619669,0.09840973839767884,-0.49396147399257984,0.2826884362771395,-0.2802817599718344,-0.020453618626400515,-1.2601257572647795,-0.05168002130480742
1972-10-01,-0.061504216832260684,-0.2903194689836467,-2.037265929641753,-0.15600941802133855,0.32784086652137323,1.00158425052589,0.0021508722026590023,-0.12386350506042851,-1.345433105293944,0.4101332483225292,0.2674400955901055,-0.5984667666286945,0.37008691482690903,-0.616079859558379,0.09696907903554677,-0.3346347509404378,0.26176732435423444,-0.4024243942287737,0.03803181500668767,-0.03984664257606579,0.45293613869822524,1.2176416834679153,0.3859485497115709,0.2436979018391508,0.41452159540523237,-0.019621500218920757,-0.18127404223117294,-0.3719788313862594,0.2275133805233263,0.0644181076293788,-0.34814936888488973,0.11235153148795601,0.5047712986238232,0.515894066359763,-0.485693373848335,-0.2185652142125264,-0.7537892707508222,0.13007844529366863,1.1139489882501956,0.040899174704840925
1973-01-01,-0.3277428325192334,-0.16659351861613184,1.9647497736920592,0.23887579547001656,-0.11852528100985478,-0.30570540111178307,-0.5520574024362911,-0.18244589189612467,-0.06342263381774338,1.0227955339366757,-0.023273926108808397,-0.1343829761875861,0.4203284579097539,-0.13415256984567384,-0.5378164166174617,-0.3573272295912723,-0.10593939426506228,-0.4094338881668305,-0.5073591943141451,0.10157426973524568,0.15928177088371218,-0.8415707593103128,-0.3554751074618301,-0.12959067265411076,-0.7840716966914633,-0.001590499053738578,0.11868243021403052,0.19354021677389432,0.10511163972263779,-0.13709763444902412,0.49501205624611355,-0.3005385787668687,-0.33213588430701835,0.03914821628457694,0.261333067099893,0.014818356947931448,-0.06573669339190297,-0.10530098978460795,-0.7305546878746472,-0.2299442934299131
1973-04-01,-0.1597139857935947,-1.1270319696642548,-1.3704503400165757,-0.3114684841534828,0.9587684097142083,0.9483567963963375,-0.4106701322226887,-0.34096360343903304,-1.091374442025717,0.5553319209141839,0.4391613058011995,-0.5831751421293844,0.22629166216102467,-0.3836292453994432,-0.722766949581106,-0.8397402239817094,-0.07026400034148565,-0.32790985009247925,1.3121027740927727,-0.23999366211967038,-0.5345096928564402,-1.1896208874711827,-0.40155792972492843,-0.27865158498689035,0.10948012447783997,-0.24040016000977363,0.19365878366061812,0.2273534580519432,0.0294861682761856,0.24498445216607978,-0.8859594041876784,-0.07059126721696274,0.47877260976697905,0.009741102606787528,-0.5474380890382692,0.3562450269377256,0.5727861304799456,0.021810588164120976,0.2503851925592595,-0.1279032004196145
1973-07-01,-0.08971110157394428,-1.572586314594828,1.160370460223416,0.7827301677733225,1.1008799893309569,-0.25358227665400357,-1.2886772435222382,-0.2111897682170322,-0.09209610653665692,1.3336429193074424,0.3962224740555844,-1.6258224615756,0.29890202232374463,-0.7315297761272607,-1.1220560545770593,-1.1858483047810728,0.07098432197420905,-0.5804325086408086,1.9570831886256081,-0.7258022547790706,-0.42311246790786244,0.6701392082290913,-0.018549342701629175,-0.29882907458418434,0.30581725840938234,-0.23299704700242688,-0.24293805215564293,0.8204982483546143,1.0835139649444279,-0.6072459963946979,-0.2960340590349742,0.15408981816759795,-0.10077599505379663,-0.5171028868415376,0.3552093736683982,-0.4121092024347437,-0.7182582363505307,-0.15445775437826417,-0.22898816852330875,0.3724442712507961
1973-10-01,-0.0006430140284530963,-2.6728077578401277,-1.064512174590708,-0.10384899769655678,1.0023316611503705,0.9475860014625008,-1.0051490388242204,0.1567757930315116,0.43591680304176617,1.1117451536541763,0.7876247227046478,-0.3273062999797125,0.32601990193911284,-0.4598622266770108,-1.2680350316765454,-1.1541929116334457,0.23638400670898155,-0.5766630029042589,-0.13503313943701423,-0.6448442713918765,-0.19842496976194302,0.2008250318263509,-0.4931756752801483,-0.34029213779783657,0.9769187249783786,-0.09636543832320445,-0.434151630595923,1.1530199562316334,1.2729593863155262,0.2526618454744986,-1.120593920976051,0.2547885371321653,0.6177471400638295,0.1139351101076512,-0.36768624005493783,-0.2847889204195548,-0.4556439621776485,-0.2733540393655383,0.21032130511443684,-0.12556924195719446
1974-01-01,1.0256579664476904,-1.3646171067162691,0.15058502851719238,-0.5487610655231051,-0.8346301914645393,0.30549074385054953,-1.727141292025691,-1.326447557194567,-1.9960168630526072,1.4859445853062758,-0.9894839412477701,-1.340901866130639,1.3255394288769464,-0.7903376060458028,0.1940057263837321,0.40206188460399284,1.467899209427221,-1.3708954214320566,0.3020523984045438,-1.475457275437867,1.1457040312092495,-0.38339444351245083,0.4599901590245925,1.0605970290216036,0.9028897472223889,1.1297844354618372,-0.6570313906258495,1.0089463767633036,-0.315376871382048,0.2881379056317148,-0.9780487664999586,-1.2740221014361388,-1.2177321145493027,-0.6604099125316724,0.04056374741829535,1.1235526694697813,-1.1427015600711916,1.0049873710932131,-0.5909044348508333,-1.1053499552456951
1974-04-01,1.1060904691925593,-2.412189593969217,0.0922493366554916,-1.6001744469954504,-1.0982840823292905,1.934875227691138,-0.6138689688434652,-1.4995265820718533,-0.5684990936277874,1.039612636416623,-0.8153418392072221,-1.839777027314376,1.5863439724136206,-0.7196886428892287,-0.15017160830700807,0.3897051646656898,1.7143388608860894,-1.784521265942878,0.04379292734222221,-1.7687974039645247,1.124892497374262,-0.10129166157431767,0.8720105483766253,1.4079202956558168,1.5288179598946063,1.3012413637244875,-1.4193703073529162,0.8024935131121667,-0.449182607846061,1.3368737931514365,-0.4453785496885567,-1.3657810997581004,-0.8408195571641122,-0.688754826840398,-1.0459826880759875,0.7889228082632316,-1.5002476874292954,1.394208426579206,0.20743490631213526,-1.5264953581601983
1974-07-01,1.3184708076304288,-1.136233130151014,0.5856286253426832,-0.8011119902059104,-1.117970289843542,1.0452639468798015,-0.42166273106602126,-1.4106189793821997,-0.7250608282296104,1.1639994394808852,-1.0220099108332807,-1.4356128777074988,1.509995688078474,-1.1008678101407732,-0.14416666604373163,0.5309944644935772,1.5315441040748419,-1.5507751151546352,0.9967470021634064,-1.6174142525476742,0.5095066710310795,0.16836076092821936,1.3674293471465953,1.5134719982332057,2.244955208934989,1.385291552572658,-0.21568498265178862,0.43433907817875955,-0.8663354442811787,1.6228106759439642,-1.6857940072568924,-1.2639555699090748,-1.4103256655841194,-0.7130475008012838,-0.509304146849896,1.6518930736926527,-1.17563948535898,1.511458956044212,0.5681039714043414,-1.3496796789368473
1974-10-01,-0.20754637808802676,-0.988776401807777,-0.36452911781747,-0.4194879142082536,0.8728544504835161,0.9677680507498911,-0.5684983665585505,-0.8674510655475731,-1.2726493404336472,1.2843643301657013,0.4382396329432496,-0.9220647548184451,0.6939601561241054,-1.585957086222942,-1.424657975671398,-1.0015510575769109,0.47661186769587444,-0.4006259922237898,3.270844916082088,-0.690296597088792,-0.1760378400787837,1.8838181928505693,0.6254809024253166,0.28297552198679515,1.770458897498046,-0.043268667509881224,0.018534611934793013,-0.05032345735039454,-0.007379579614446514,-0.5666615703856929,-0.838319835048583,0.10671495626504801,-0.2721173703994578,0.2844993381802006,-0.5685336026319143,0.3467084254461037,-0.6435478704896578,0.21717986694234895,-0.36857309334851324,-0.02937509167869516
1975-01-01,-0.538748820467479,-0.2325767850375467,0.37252036369805674,1.272175710229434,1.456918687801491,-0.53012949701089,-0.4399573395423165,0.5100913314380363,1.0994537085693288,0.9101131766908759,1.4664217661145968,-0.02512950708923016,-0.037904606306992945,-1.3717159779331694,-1.1693302044438108,-1.2698372882487372,-0.2740979726176499,0.44737682461139794,-0.6924625669146888,0.3672120369555844,-1.1767579421299115,0.4823061393629583,-0.4927567615923351,-0.6769162723470016,-0.032849879140227654,-0.8950511815505734,0.7185707926412797,0.23705222761176797,0.39869834319482306,0.5632113388779464,0.16138679815009874,0.5940703198827807,0.481985603142251,-0.3771129463026544,0.3931542934470881,-0.9218451729954185,0.1571432033576841,-0.6533601829772908,-0.9535021611658611,0.6737267306382007
1975-04-01,0.4510178949192281,-0.1316634336925371,-0.8669684130428342,-0.2468004547975744,0.5497235164501255,1.6680481059248569,1.13627484997178,-0.7876617096171813,-2.320537261412352,1.0251072410062765,-0.08404707841532041,-1.145146481340043,0.8839211886321094,-1.6766454323053968,-0.8902965298641617,-0.6077490087557876,0.38407779564271355,-1.0753991945774202,-0.9175731709230431,-0.5558902294114142,-0.08853469536752306,-2.5439795529453884,-0.34340032017525757,0.2269368723075876,-1.0903868538737989,0.2510752087862526,-0.07297045154034722,0.4463066229629546,-1.2190965033208063,-0.23810326532060844,0.4790520723892232,-0.786464056643951,-1.0476482290486373,0.055588336443951586,-0.3204345220546094,0.5387187298755975,0.17896260591221902,0.5332195838487801,0.737399091611499,-0.5520779705127917
1975-07-01,1.6366396886521994,-0.787719184463788,0.8363187708384133,-1.4454006517567848,-0.7855997709212167,1.6176008672941715,0.07447974887096437,-1.869363429097067,-0.6905671699251346,2.70364171092043,-0.8043622494911812,-2.2209854013552057,2.244021813999655,-1.191598375569402,-0.736450946437795,0.0469749572211943,2.1726328461721556,-2.2753927587010905,1.284590034764051,-1.7424343988219315,1.91004174570923,-0.23584029873497322,1.560453629131995,1.6253791168185858,-0.0616471732671368,1.6141428366266781,-0.5777358640880047,-0.06911836959245703,-1.952311760589329,1.8497707361194569,-0.682932091074366,-1.6371894511034255,-0.9854465991214614,-0.9244639001779343,0.15890511791375286,1.3540235205178925,-1.949128044927085,1.6913975352100377,0.42300760934553894,-1.9593028658631817
1975-10-01,1.3435113388039328,-0.7423331312764989,-0.2886203041540139,-1.320714903928407,-0.5387597251807282,1.6277263425592639,-1.070422691774451,-1.9467213003475325,-3.0005361429557036,2.557728443161634,-0.8903579015578584,-2.1916011762533523,2.0260822083297003,-0.746718248799716,-0.4799107751682405,-0.11563040233318145,1.636704132818318,-2.458969779044069,0.33219183707249034,-1.595880627125126,1.6866889869933528,1.0190909554031442,2.351478811830166,1.5050313698243745,-0.25142438329682504,1.5424281320947353,-1.45185006390025,0.3854997440835213,-1.3985888604552357,1.6231146984508404,-1.0220392688793871,-1.3025771076445087,-0.6747670440218065,-1.2903694100333183,-1.1249361619858205,0.8811073109040023,-0.9220386071088209,1.6311593605582977,-0.07594177373695159,-1.1009170127744037
1976-01-01,-0.54170857357881,-1.965642826328855,1.0714585237416618,0.9993801133340038,1.9521822876989783,1.0832732781387813,-0.47529758024349594,-0.2034301637815345,0.6876967892553927,1.5910708980244375,1.3773963873198718,-1.505380463218633,0.4509376609377787,-1.2092465818878013,-2.680361653273176,-2.2790952343684836,-0.4018714150611256,-0.44895285749545255,0.5470618196817278,0.35244108478143715,-0.7009222547121465,0.33401897940995084,-0.39721040934380664,-0.666848255042146,-1.3872941776330314,-0.6379060619499889,0.051553255472435174,0.5701931787146737,0.895200711034129,-0.8289309899534352,0.45223781898170434,0.4529550206318519,0.2201510027508973,1.0416966168741724,0.31136607447875103,-0.5668193013312749,1.1187464650629944,-0.6489022925172773,-1.2262986072982236,0.41465134233435447
1976-04-01,-0.8894381242126796,-1.923226787116743,-0.8972242453161621,1.0405085589397487,1.9734766041343397,-0.1946925211518885,0.3389423136928169,0.4247734803250339,0.7375223156312627,1.7759561620520945,1.4047477097010481,-0.5025033904965728,0.14202541767732194,-1.3772442728983534,-1.889249237185026,-1.9361707818378586,0.07343539252884482,0.06401570962407759,2.45980828222971,0.5972485322375907,0.43561196749422654,0.31363957944620485,-0.7651554646314088,-0.651869487944175,-0.010279687520597536,-0.5835102818177724,-0.01453266400491739,1.027795334237704,0.9271062854871506,-0.4313133139646283,0.6258562864720842,0.8179202569974356,0.07873342010856321,1.2778281443533543,-0.2665478596825838,-0.45030920138008657,0.350945863150024,-0.5293443292955502,0.5216162597254206,0.9179448909806037
1976-07-01,-0.467362483224801,-1.4443287548643846,0.3724973309687267,0.5154834315657594,0.9334870216197597,0.15105919593495784,1.6311353944875537,0.032433468223136,-2.1754035750337875,1.1343083654959214,1.1447632964370569,-0.6069287275519863,0.03825481162436183,-1.4180252125331205,-1.5257779830959517,-1.650826140768344,-0.2543991372670805,-0.011932525063820174,1.9454643936081393,0.25698751946763454,0.2018227132202451,-0.8812956165973457,-0.5823964088374732,-0.40385090009923036,0.5424263124897656,-0.27747687401726195,0.07174798036500066,1.220403352535195,-0.13439868297349183,-0.33836207437146626,-0.135764002138698,0.2824800167592445,-0.15215285724596528,0.4553537783309904,0.18605039530921028,-0.343620558169241,0.14782829804581432,-0.45283106143889745,-0.43353442980333046,0.2359862329014081
1976-10-01,0.6394913191877233,-1.5755379159023943,0.10378905368763294,-0.2292966758405917,0.7937713256716242,0.89298647219792,-0.3385621439089255,-0.659387398612695,0.6685842925433652,1.518186624861202,0.12314689177983791,-0.926071967659296,0.9175974623833916,-1.240821973813475,-0.9686968863602535,-0.7369590769256604,0.6380746729581063,-1.0822218341878003,1.164471528263453,-0.6438124338575535,0.878810724568958,-0.43637616512567645,0.04011226001855684,0.3149498517411894,0.6113335860480548,0.4483933294438832,-0.730644501971058,0.38207084278677844,-0.3549266343176839,0.11424488720206334,-0.15485786911213278,-0.6138057483416599,0.4508626655431552,-0.1949289923172327,0.16627524194896418,0.21921632535759955,0.014624037411752715,0.5700992745965482,-0.18383625533118403,-0.36222469590423
1977-01-01,0.5492100319626299,-0.05592233841981396,-0.5709133498511465,-0.8826811480590147,-0.254341443287425,0.8397621769566661,-0.7101263820649689,-0.7545002242075555,-1.8932857839677733,-0.15199189665425694,-0.793482990639904,-0.9463132525788359,0.776780131099248,-0.012149214755950991,-0.0024482039228111443,0.3972544961747369,0.8698903535575088,-0.6622862379436057,0.1824229401903582,-0.8341386702877848,0.22007486695923184,0.23325829556217398,0.8425686068930919,0.7572790566664924,0.5183721754863573,0.7787762642937575,-1.1513568401943515,-0.012201394833220228,-0.4908283489806603,0.696262647149604,-0.6295285444737126,-0.8004539536186976,-0.10575954180749891,-0.32204239890876496,-0.5084229856485463,0.7179335525626602,-0.08755065196338228,0.690073571514366,-0.35407846105188845,-0.7232718305075926
1977-04-01,0.2345987276621595,0.4403284473330907,-0.3027708870769722,-0.34802941280201694,0.15758210790297392,0.7179700793578899,-0.9621143584870119,-0.4944161854139261,-0.14096887754875093,1.196603305848455,0.032977684757290814,-0.8409089586433666,0.6195446685762455,-0.3086733499600639,-0.12773729603755596,-0.1158450236583589,0.3647507093297039,-0.4343570444594059,-0.352065855486165,-0.4106315710189942,0.0725131536530964,-0.9763055278633672,0.11730213496742897,0.3748629433904498,-0.4465158071997203,0.2740723461691821,-0.06026327069785,0.30571903600754036,0.019194825177016334,-1.1064737769193078,-0.47313616202754055,-0.5324303346918308,-1.6456483802860957,0.5914623994644347,-0.38208567712419633,0.27598352669975496,-0.7282513731990123,0.5496893546550493,-0.4093451693853997,-0.40172958865383795
1977-07-01,-0.35774598366996885,0.975887206868558,-0.7090736432220324,0.23496964740732584,0.3037067468540557,-0.35534917582193914,-1.4321685333995342,0.24653171116515005,0.08555913123960812,0.3035382734002133,0.6406527006116622,0.5335689950263978,-0.24193267235528246,0.038708872740022715,-0.9506156691355454,-0.5480185568190934,0.09387443752321759,0.28257688752553756,0.9878650179991161,0.11818976457907256,-0.4882190739916158,-0.18682057676397815,-0.34200036596745403,-0.24682671592130948,-0.5454285035473118,-0.42700145918713267,0.036054304882278045,-0.42279448359356975,0.16728555068166545,0.7380894703948796,0.3267722656834332,0.44099182925972413,-0.05247118819215671,0.5341984534889094,-0.018172886378495803,-0.1975996675427455,-0.2785149953483231,-0.5235472444140054,-1.01287691603225,0.28419291501878563
1977-10-01,0.10871834632622551,0.4942394634451214,0.9624985003992306,0.025093823536665633,0.20185782235162927,0.6653243061897343,-0.7183114105645562,-0.11807657178705512,-2.3435249598520493,0.8242736581108204,0.13727944383413532,-1.5775946930902751,0.5248832402223782,-0.0714562630756082,-0.7568294808485416,-0.04299271962453743,0.0680127166488746,0.35103444175118925,0.06448027383728361,-0.19575502557468483,0.07160855899366943,-0.12007275573333379,0.04289446632852704,0.1349656209131084,0.33127994423545826,0.05580954515318599,0.022033323538987303,0.3385069811300056,0.4433858643002109,-0.34611399736950943,0.050377494264957884,-0.2059659997323622,0.6911759014446204,-0.440543583543037,-0.0001048995393244075,0.15459200316097585,-0.7292212007305026,0.06585234230297508,1.417750301146678,-0.1610432863630808
1978-01-01,0.054866833283263534,0.4936910946061678,-0.3013358587738546,-0.08766803343022345,0.21507675116798763,-0.34371675186654016,0.28346834426716044,0.14583161424271787,0.9857459041309353,0.12786744293774563,0.24973998628156024,0.7111695882173429,-0.22544405849353089,-0.4219103384169321,-0.16417270996600447,-0.23138485044259807,0.5039537190437715,0.5071441716827124,0.5709776133083017,0.09912487663853117,-0.07568042444615448,-0.4009878430321882,-0.4302324067901045,-0.278422807927201,-0.5866565662879515,-0.2166020430335698,0.45399465801723965,1.0168685411717076,-0.3435981205653798,0.5413681534727532,0.25880027701243496,0.09242749276080907,0.6290234784635144,0.09319326776079657,-0.3131636940426906,-0.18715354726406394,-0.8408957580981518,-0.09366953305310473,-1.2551925084996378,0.08841305825681584
1978-04-01,-1.4197447190326646,1.3092524096382232,-0.48084416606762875,1.5114710075941211,1.1395309044407596,-0.6650320642552062,0.29555663505414626,1.1688705924685638,0.6811380326422328,-0.6484696780568744,0.9693767995311052,0.26365834522157067,-1.2767744791788334,-0.31295899500776714,-0.7986374184403392,-1.244982503214037,-1.2694955378655604,1.9142865497965365,0.5358763212939647,1.0975467552711367,-1.5682954015527546,-0.49048336891846334,-1.5385307526908287,-1.3788672540259221,-1.4363873449943048,-1.4237123143181007,0.5598947225095046,0.7601214193675799,1.4742415237306665,-1.5032981608524385,1.6899450622868535,1.250324945086146,0.09137453173228277,0.8530709981640034,0.9658320169713422,-1.0912719558274453,-0.8277522730316501,-1.4603416375985914,0.41558867870123756,1.3594500892514527
1978-07-01,-0.46313510400786484,0.8984871631629606,-0.48353390527497947,0.22273234029997624,0.6519425446052072,-0.8835815581871891,0.09535280920394783,0.7295926525443592,-0.7903521287164051,0.5704638416151969,1.0507506752699987,0.32531634853821667,-0.49850501381414214,0.0457248333351098,-0.5209747719040386,-0.652775247354293,-0.2612962990611265,0.8384737400774241,-0.9213690261140247,0.5778014479137609,-0.4509976864806355,-0.771511052990146,-1.0087779551674758,-0.6513100668544135,-2.0186961030425055,-0.5736572675509156,0.5448796168461201,0.35066820340759464,0.5536171446699482,0.07052233827912217,0.927974499420119,0.3971566596451485,0.4536882234868642,0.07772185924815823,0.009109380787955564,-0.6216226556247089,-0.6992971747074698,-0.4211674907762295,-0.22601150032147024,0.48360207068348254
1978-10-01,0.8137968155954144,0.5521471784572874,0.7906585982823162,-0.8682229778466461,-0.8510222120667886,0.8798341770596306,0.5609634651828684,-0.8609659428093716,-0.17840276003919933,-0.48354482240617175,-0.8716333421537453,-1.337196214563036,0.7931755668440107,0.4513668022867297,0.4560281469036256,1.064102998389501,1.0233153351482893,-0.7322726986243373,1.9679341313810377,-1.2081678728000131,1.2706471163051467,0.05106403785140807,0.9314427290878415,1.0350064517644388,0.25558607143534373,1.0093590463802484,-0.39050741639175707,-0.024781312674695046,-0.4091155920982703,0.21953850858957966,-0.4196978157506279,-0.9689802632493344,-0.41371481452299785,-0.5902860528013277,-0.983438639630021,0.9514371333916456,-1.787149442718249,0.9247008436165394,-1.1381422624109585,-1.0032180193004547
1979-01-01,0.2580285033696174,-0.5137303849121747,-0.16354095086906784,-0.6472781330620714,-0.6113201538053171,0.306977421335516,-0.2913057351724626,-0.8511551110386314,-1.8700174836027712,0.9045574589653249,-0.41240111724881967,-0.41868522238586586,0.803051432310884,0.14169535179157527,-0.11658989620453647,0.14547155878263812,0.6987685989678619,-0.7322847169719362,-1.839443631907888,-1.0631625417075012,0.8894146215370181,0.4688746663377532,0.7441029063778104,0.7322757614971948,0.5067529476819096,0.6745718775629248,-0.23871323928547306,0.5420691351191721,-0.4661936453359223,0.8765006742292875,0.20907598039834435,-0.47306461917540016,1.1452353943511275,-0.37142618928459464,-0.3236265246591957,0.7808117616454062,-1.7380622805051875,0.8555215337711624,0.12277698999995586,-0.34988636151810765
1979-04-01,-0.20480899391739824,-0.2272104900360005,0.025466752781829388,0.19910317861937518,0.23419915719155815,0.3337952685232424,1.1049432106361077,0.03257617913177973,1.8720792342985104,-0.5385477639530369,0.4999186938416649,-0.367149787370966,-0.10814805694876088,0.4068126893834408,-0.5236121874343925,-0.32838332320389285,-0.058089629097657434,0.2649322699564194,0.7791674053533758,-0.10881985461178173,0.13618303022538913,-0.19410291216294107,-0.26157951827917514,-0.2097573413279351,0.007264683080621223,-0.15366367600581912,0.24017561447918512,0.336126086612178,-0.43939926088866027,-0.8565484784944714,0.8886710215395788,0.35667050729378014,0.2098450710998787,0.49309489668756823,0.12396766343947026,0.022695970299459193,-0.45780802571239804,-0.15814198531293,-0.07543725265683847,0.04144569797224693
1979-07-01,-0.758433680214189,0.2964319488257559,0.41679635366087714,0.38910871030117034,0.42803649393993703,-0.5670099216775842,-0.06730337015814306,0.7660876069717708,-0.10937063453580462,-0.2441277534211688,0.17376690540264916,1.5503771457329756,-0.6998399167693956,0.6438846175510364,-0.47907412708515734,-0.1388349443938517,-0.9621293789576003,0.6798189519730833,-0.06433137275447086,0.44075599528977905,0.166866988442491,-1.1763107971235918,-1.002128249973885,-0.7970132882782768,0.07581686758626743,-0.6291196575238156,0.4654497218581136,0.2087505829325565,0.611675365689737,-0.24750482433181833,1.3513469206630437,0.6094706107340091,-0.09874370135146546,0.03145170494903885,0.5268300482498506,-0.4432622641907419,0.03395819862210518,-0.7324158593725673,0.6644295089248929,0.41603292005282844
1979-10-01,0.3756303978400333,-0.04887057797060969,-0.8403492556368007,-0.27279034765778887,0.05687954375107503,0.11847278693250232,-0.39885282018209756,0.00887092490063991,0.010168126025409039,-0.0727101116334898,0.10478453970542503,-0.9749845628987223,0.1328156495358723,-0.030763788396881545,0.08374177988233011,0.04767501245600653,0.062201691716065696,0.16753094027234738,-0.25690678713874654,-0.3061713268020153,0.4370031418573742,0.4642251009271563,0.091901396472728,0.1636949209410469,0.5093805755968999,0.010454272575535455,-0.16214598543044806,0.46542690390240465,-0.1988519057165218,-0.3518201615811454,0.6620611018503988,0.07384582982430388,-0.5337300344888686,0.2972216795610663,-0.6995424994256986,-0.2981109085428614,-1.1024676089021155,0.2226624733846069,-0.7650298290995022,0.03731729715456991
1980-01-01,1.0056163230139572,-0.19189875477652746,0.6932786703463009,-1.0357946661018411,-0.8773074072458463,1.2095997763949817,0.3038650511452509,-1.3813023580662065,0.3263080938168035,0.782037426646272,-0.8996171101372852,-0.9521330917208276,1.2683078294149568,-0.22378272979990502,0.5885806202089572,0.5700693611076516,1.138160165461733,-1.317489282474537,0.132384653610665,-1.2540745550523273,1.9838599653310314,0.3656782575986284,1.2933335212771042,1.3172428060106007,1.4202351016572128,1.1584760713775801,-0.4221835512249922,0.09102624990346032,-1.002593303728916,0.597011822461002,-0.7224330602312343,-1.036455331313942,-0.07462265723573525,-0.6600593913004624,-0.14265150911358543,0.8011859476818385,-1.77298809160604,1.1408891224327675,0.28380561740658866,-0.931021917227726
1980-04-01,1.723784208067645,-0.48316726233390705,-0.8276423406735837,-1.8482722616930516,-1.1984952246207834,1.39198096618542,-1.7673907404790137,-1.7009192605725647,-2.8779235935069223,0.9003617182174608,-2.174172561922419,-1.902109189535147,1.8918682186859288,-0.8723052944941275,1.0498547604225634,1.335848972678812,1.8250391691461227,-2.141913240618235,0.6613033382211925,-1.806720412149209,1.9844737272523019,-0.22788916412782922,1.7428078699996636,1.8471783396056773,0.48155009360417944,1.7307282789068792,-0.8812658688030647,0.6375883655359708,-1.7145965927106597,1.2481144467424365,-1.413648377892968,-1.8643388432450476,-1.36016390155855,-0.7557939998944929,-0.7109818187259447,2.387948675202743,-2.230446319565054,1.8360342118659154,0.12883467086094885,-1.9806119194471028
1980-07-01,0.9039884844170744,-1.3162397970094175,-0.7239834439806111,-0.7973509052345247,-0.7470869095269663,0.9096213771062431,-0.1518882022372397,-0.8796027831935035,-0.39670959030771985,1.0788845389312247,-0.4733099176889357,-0.8033237707320449,1.2562221110480174,-0.6802331991952358,0.2703115330211203,0.45946762757366516,0.7640155113444264,-1.2837638924007722,-0.8408313118910308,-1.292097293840889,1.4199801619284955,-0.10324333836107727,0.8283119682385931,1.1016830558029602,0.30084139058052783,0.9233137076265491,-0.8940035554708946,0.7213191941853176,-1.3312363520667385,0.24114063228016486,-1.2569834716054573,-1.140348906008001,-1.6569019155105296,-0.9248819037430692,-0.8484208016644934,0.7619565428749466,-1.8800467546313477,1.2053299766322734,1.103374417971964,-1.0241988449915307
1980-10-01,-0.556453960455558,-1.4423572193707608,-0.07787362409939606,0.3589130735121411,0.7553415725430888,0.24239154976827665,-1.036869184442223,-0.07532958451674135,-1.198906958321823,0.8619148636492704,0.7356337571778856,-0.8676673919337752,-0.011594629396899848,-0.8938646534736355,-0.727590096685533,-1.3445780682306592,0.24162385432920502,0.40615787973257905,0.7508352087778637,0.27769067052213575,-0.3052862265176723,0.03317133503892461,-0.30538999906778724,-0.398160499214762,-0.8178445960884582,-0.6621308345935711,-0.2648696578209233,-0.12096759505744369,1.4349670107536618,0.7256552503817723,-0.7175040069427916,0.4490926744551258,0.8058553443187942,0.784213184292644,1.2398992065726413,-0.2103529277839746,-0.8499155250063334,-0.561755804147815,-0.9914527011440561,0.5909455489306101
1981-01-01,-1.1064550680120286,-0.9410848261149029,-0.4994643002027789,0.6989007901499891,1.1345035561294339,-0.3734208626761894,-0.017352617457205826,0.6750986820561502,0.5872754783228512,-0.2639641604371899,0.6673544172165674,0.4022153577903925,-0.49645601006355095,-0.1926417943701345,-0.9943267501445608,-1.0525819844895865,-0.8037127473760207,0.19476344207665502,-0.4485525324387693,0.1494338603106435,0.05904139714122467,0.06849691609720648,-0.8780878191612494,-0.6469515963802591,-1.4195118294853704,-0.8314760367837511,0.3893681310988297,0.6174039077814378,0.560690509649953,-1.62797055664152,-0.41206882714993853,0.635154083030363,-0.11401963225130639,0.04438158362798488,-1.5912568375595517,-1.1546991159502022,0.3565838167507582,-0.872298230454177,-0.3863581200015473,0.6832113184225517
1981-04-01,0.3750231865047343,-0.4624092693993938,0.3606937481349966,-0.29377546880647476,-0.420301605586029,0.41556124148343093,-0.49253496937442653,-0.5253954589785789,-0.5532352695202599,1.522127244230104,-0.37951464350668396,-0.7560223815607241,0.5393877550856219,-0.37605302569310073,-0.11494028058073234,-0.07784740730175105,0.670262709469873,-0.6507035027951301,0.4438479255857403,-0.38112640783737034,1.5432580412692636,0.48237253761450133,0.7951908484482991,0.5186927007785748,0.6455607109987541,0.32607972712335476,-0.589440666108549,0.06351036697147087,-0.3145612315683316,1.1599065833792566,-1.3628403697343654,-0.5932272834895034,-1.0028744271351135,0.15606207628527005,1.284620574924234,1.139926838114323,-0.5532638621001533,0.5046314084907196,0.009039131722937554,-0.5723521784878312
1981-07-01,1.0295469482261845,-1.170349623689235,0.8770668447121717,-1.3390396988937603,-0.6271688546363927,1.03331144544172,-1.491906876989468,-1.4586608352567851,-0.8498809773555491,-1.000534346377577,-1.1423860260523324,-1.176831760788666,1.5351743387418253,0.002523119127465341,0.658280711508059,0.740307233008618,1.0050682077072315,-1.633712951782273,-0.7339965649190715,-1.839447315596441,2.5211362625841223,0.4253683406983522,1.241824078912448,1.4448701529369248,1.6709558105233233,1.3458649232106699,-1.2767766533461054,-0.7539277733743673,-1.2111131280737246,0.026949997854818736,-2.0919520809651626,-1.1698697056578276,-0.8906899956594281,-0.4674502728425818,-2.651726699382542,0.035389457624015505,-1.473719214257578,1.237744282693215,0.07520476586289924,-1.189833025306079
1981-10-01,0.7138705670155444,0.123543030116609,0.25694828420939075,-0.5437160976372597,-0.20511715192448943,0.32434002486574237,-0.32884964606972,-0.36047397015942695,-0.0686300507106036,1.7512124426224047,-0.10235060321796749,-0.5385463219244777,0.4890979901211262,0.20416518601572223,0.19243314677385218,0.2877104908111578,0.6413966312828372,-0.6572002365931169,1.2100277105966462,-0.44795946805924686,1.2311298794607537,-0.20422682022396071,0.5871637714089268,0.3455652713751721,-0.23302742907468718,0.5551838957017985,-0.6822129748212319,-0.2270385611970844,-0.09439226777842648,0.7572572693269698,-1.127564923524823,-0.5795835706653142,-0.11178643931572198,-0.09453510968391494,1.4359475036168836,1.1195402894169086,0.004708322134875825,0.47993832867112607,0.42570989124104613,-0.5304455786087577
1982-01-01,-0.8966802720213223,-1.6267108782230189,0.07794403727749924,0.470814069970683,1.1033868882983657,-0.022303827138264586,-0.30406143390061546,0.02663792034707667,0.9467661273295629,-0.5949388823934345,0.6826043496549948,0.3709845937568773,-0.2906813772862612,-0.06808048093328899,-0.7183302295211712,-1.0379780140740769,0.19116242170938888,0.4081776247494814,1.272360574150173,0.39722181006430907,0.18639782970083263,-0.15463410104416295,-0.8350326510154343,-0.7408862623606803,-0.7132643732587864,-0.5964762542023297,0.5150022625087426,-0.6294383888093993,0.022127014527938645,-0.9491182645880601,-0.37563450119899916,0.6043264981561819,-1.1065802506999831,0.45071281344295844,-2.1299622343490867,-0.6470834986265326,0.23608825310621073,-0.7268984364282155,-1.4487522890807794,0.5539584064271771
1982-04-01,-0.9819178567310617,-1.4569567615178924,0.4187223656158157,1.2810891752127027,1.5137266302059305,-0.13851071379982946,1.1384917868618043,0.9972232889578193,-0.5977247964410777,1.6859183588630857,1.1200084401652473,-0.379168226791467,-0.44504849711530914,-0.6233047971903996,-1.5029806256272733,-1.878430170451366,-0.6033336706353776,0.5356693504174029,0.49165914925922977,0.8008752157570284,-0.9330145699526353,-0.41462460755151936,-0.677986371036873,-0.7211587392057257,-1.1622597340485943,-0.9938929659825753,0.9091508203257357,-0.5464132583888839,1.464158904981956,-0.31259714768771646,-0.21055756489054045,1.0223575229678508,0.13824493991458559,0.49788507013543926,2.694360549605649,-0.45843841674274843,0.34710462024841315,-0.9417362282267555,0.9813906094461032,0.9288170582485743
1982-07-01,0.1756727648293509,-0.8042782806822687,0.6647517523415137,0.050469283775206215,0.7301498466369939,0.6694328110877164,0.46472781752569203,-0.6172994692831794,-0.8853388835994054,0.05557611159156453,0.3071108248538261,-0.7529028794396164,0.5835888249904357,-0.3695426943755814,-0.9857291165779222,-0.7263399316349475,0.11835359261125127,-0.38569930659248475,-0.05230919216764282,-0.3085345245475827,-0.2969077194961701,0.13235794311289215,0.0393953149022611,-0.12012000988152355,-0.37444690235717226,0.06453185023389879,0.02339066839703404,0.5592157485263451,-0.07109229484694835,0.15915615570724245,-0.6488928682167637,-0.026043096185397352,0.14039520339985645,-0.03203913606290077,-2.8583400521503757,-0.4927758782076539,0.20136213714162424,0.10497777087891184,-1.5961125886616099,0.20605302711696538
1982-10-01,1.2424338377005784,-0.9620164962680287,0.4204342513433441,-1.4713807060117408,-0.7484272980019694,1.5016037868168246,-1.0478338176250062,-1.5198158036309268,-0.9800434003695796,1.9897875444119395,-0.86339123345236,-1.374152746909196,1.704995240418709,-0.592317642451718,-0.07780408337491447,0.6605702223065905,1.478834005620778,-1.8995929052606801,1.2012734447357523,-1.5309969362639744,0.990205868451424,0.5061927707665792,1.8760725015268835,1.6555497816430575,0.017265562350400058,1.6180078556053032,-1.9315231782515618,-1.0496858508933913,-1.440667507288496,0.11471204962211409,-1.5419084926172781,-1.2976020434820843,-1.2812693604310799,-0.650614934767906,1.537456723223243,1.408198130594388,-0.7777237848410405,1.5073649056559966,0.8673735295254614,-1.2379880682185818
1983-01-01,0.6387052754839024,-1.5909291160101044,-0.8872265153596335,-0.9788986117318429,-1.053367536756792,1.0163569841228153,-0.16492677370353456,-1.1804260723176858,-0.029269036263559662,1.0219109057761093,0.1012504420258,-1.2460195581891058,1.2741659151887297,-0.6505127688040805,-0.25072040277088053,0.18409950832976527,1.3415714926331501,-0.96788944779502,0.22252915417829955,-1.2069897164021843,0.8127483842225799,-1.4818732680106343,0.6292898655895725,0.7258527310740996,-0.029810521677922554,0.8547732906590595,-0.24223044057507656,-0.32289117942163936,-0.7241086816772568,1.7515393584146586,-0.5756034704425087,-1.0262711876327497,-0.5898251902257934,-0.5452549782499551,-1.3713094122249534,0.6126062080779996,0.11040263039252539,1.0104740049578984,-0.047857180753267316,-1.0134471622999646
1983-04-01,-0.8905546875988428,-0.7391763624467897,-0.56444396225796,0.9023361675156787,1.3284770640183978,-0.5748140351556319,0.22667261960200258,0.8780680262051487,1.935889670469945,0.6402837115134564,1.3494295131273086,0.2359996452179718,-0.8409819606648635,-0.6949841122321582,-1.3876946511943218,-1.4578607150551648,-0.8085793383828354,0.30936583888809066,1.7300877512680168,0.6780437403388,-1.3504655085448574,-0.43176151743728036,-0.9730830530514069,-1.0742639416610746,-0.4232482542630916,-1.1734190092282142,1.778735868571147,0.48312747023011543,1.1068219113379163,-1.5964872457474641,0.28390324351735907,1.219835852783409,0.27277624596309147,0.8407148689444897,1.568660909453752,-0.31586953525604544,0.9457104575449866,-0.9885949148599573,-0.006407003143143088,1.3887190420897038
1983-07-01,-0.922279887848116,-1.3284692876877342,0.5272423743558108,1.0890421310726186,1.6554868896559092,-0.499638332600388,0.45298856814436306,1.2328740100730065,0.4737454986469951,0.2338565077174406,1.3568894184370621,0.8919184104878087,-0.900585150765677,-0.17328200587390977,-1.3760034578983549,-1.8751140542724252,-1.4186154216953386,1.2160813002065414,0.43653948748680443,1.288280757157986,-1.5306146482127934,-0.8359206644931146,-0.8950383109151022,-1.3478963727116648,-0.564912399599609,-1.250893446359929,-0.14343900978008683,0.1214003918144775,1.4744329927953068,-0.8925904918774248,0.4365168048028219,1.3912668108810857,0.1832569744086185,0.6151349855444309,-0.797294118590129,-1.7904137616191762,1.8775160672771434,-1.4436257588257002,-1.4148760932074431,1.3385074735570865
1983-10-01,1.1936850229793645,0.8716043565295744,0.5679345808797674,-0.9079035576055438,-1.2841142018819791,0.5504065317816467,0.20829229734201074,-1.3590333082775023,-1.5449681726560676,0.4718340528660372,-1.0281071828509472,-0.9632090608239117,1.1639087302695366,0.21083709554797816,0.18577139265534331,1.040335120595734,0.9797129035296829,-1.4023895308400693,1.2186889144388708,-1.1282317304353333,0.9716187072681424,-1.1639534225238457,0.8830787418083599,1.2485293042968104,0.42763553643126484,1.2105801941639731,-1.0403607855581911,-0.4055549808142996,-1.452745450432807,0.7394938826136578,-1.848669169800007,-1.1292171633178794,-0.8706602869487459,0.22294618667639432,0.050923230077397096,1.2482635955352812,-0.7701625647047716,1.0813238314843787,0.7998435877516684,-1.019937866887624
1984-01-01,1.9137546399285033,-0.851313038886875,0.41272034358111725,-1.8152897429031998,-2.2139898402531446,1.7437296647361964,-0.6739921366183284,-1.769645265492693,-0.08081344184997165,0.4879326592465987,-2.0772471383357933,-1.7122749400194484,2.0559511036474243,0.2957204419952616,1.2673713091836458,1.9276428270171464,2.3830381233635065,-2.0103958272321707,0.03425096859975402,-2.527192836232968,2.2049115821359107,0.37362223035034664,2.6000791632145135,2.330026105287307,1.2177021935793886,2.411258900951825,-1.6905509913772827,-0.5515308953330406,-1.485943143835603,1.280406195497074,-2.6931483353183268,-2.030686749573534,-0.6785666329150885,-1.3368997435324463,-1.4545382504860649,1.866975052987103,-2.6750859402763725,2.3431322504973657,0.06066479021016238,-2.27577510668092
1984-04-01,0.7031279860566906,-0.4634741863923429,1.3323682009442503,-1.1765202766603522,-0.697246622832204,0.5424058558190377,0.9215126326999019,-1.0170475544061042,-1.0657853680677558,-0.3707502984362646,-0.9127801314266876,-0.22655591986468335,0.7051812915910751,0.10894074580674776,0.6209594659956318,0.8200481807521649,1.0735283435080085,-0.8195064548609965,1.1038248103715111,-0.9620842209176942,0.5381731069899663,-0.8768507457073144,0.37590549529132034,0.6001593234138308,-0.404442523364435,0.8345907446471192,-0.18080996901635057,-0.04888834938462942,-1.648445065752104,0.5567486496834492,-0.8243949965617691,-1.047949397033097,-1.2393727267770516,-0.150767266704578,-0.38166250416478653,0.6356523242211412,0.09373743188940943,1.0175011770994273,0.22953396567858242,-0.9332932548182273
1984-07-01,-1.2312440061911694,-0.8852957541661539,0.01240388241459021,1.6360853907650548,1.279689900708888,-1.1331975339782072,0.8846370880532903,1.7905818714783126,1.6156302476334417,0.033495254912749704,1.5195739021410402,1.6988235622050756,-1.6187644170251774,0.1792025684495483,-0.9462868997958288,-1.116148346475737,-2.209185349774844,1.820983481716464,-0.085746890471151,1.4414105777070894,-1.9274858598401454,1.2147460266897374,-1.0201623478423119,-1.6960155518135884,-0.7302618974759709,-1.5751296800055306,1.1497221584658732,1.0088865793564212,2.3965393405478994,-0.6243089229416222,1.6172019778607374,1.6514942060208568,1.4807392378834432,1.0902102837020862,0.1982775383517995,-0.9974084603561947,1.21663017183804,-1.6176320160696753,-0.2882975590313416,1.8299323879862475
1984-10-01,0.4370209038717583,-0.5496676424438639,-0.3757366937809323,-0.8037342047116256,-0.49204646384781103,0.2140222233008944,0.5019577631646115,-0.49100664454110615,-0.8824985476311633,-1.361664607276707,-0.5795650600836378,0.17935345969941524,0.5816619207129989,0.21184213446730749,0.12471196644849111,0.9492420941646187,0.6211480893791042,-0.42996189276629126,0.49286612883396197,-0.34467488806855984,0.48286396282310867,-0.2960767961368165,-0.04340957883393822,0.5589061342558802,-0.003610389997013174,0.3741738979594455,0.3765430879696663,0.37990517652775296,-1.4500386189798855,0.48872211981885566,0.44522923485331506,-0.7306783762849712,-0.586560066967987,-0.1316092175338429,-0.15084516132447065,0.2204552169124537,-0.14207170041818237,0.4563852821670143,-0.42992620565436734,-0.4413574734810295
1985-01-01,1.2548360608759046,-0.5923445627160497,-0.2229715592609124,-0.7682162337083237,-1.14184904732693,1.1588545581686616,-0.05715536011618834,-1.174359564213846,-0.24174862790430787,0.8541663136105753,-1.4502712146487275,-1.7379237538180872,0.9951341814887442,0.20166935336881356,0.630137314432286,1.205637007018035,1.223138528430611,-1.5069252915027502,-0.9019555914331734,-1.3205538692093928,1.7110940156542565,0.5210044201691154,1.7254691454626476,1.497777837701367,1.0828270592146152,1.02968980363084,-1.103553360899244,-0.801635334062539,-0.48575069482747635,0.6199625188418894,-0.8387694521396117,-1.1520806316705297,-0.6607700718657287,-0.1945828675671899,-0.8905818633754702,1.8526104183410328,-1.1777697576501507,1.3885107255498985,0.2863860917249841,-1.0679372403764475
1985-04-01,0.11941173602021062,-0.3460968000491836,-0.48206552729824786,-0.42573422641821235,-0.46500342852814347,0.07729793127446072,0.13838757049308545,-0.4223286406062546,-0.7241804835025409,-0.6332571887207316,-0.5053943032964221,1.061340011729738,0.10802426734878776,0.2532339767030886,0.3526911411376724,0.3140104118991548,-0.03236737537111266,-0.5798869234349324,-0.9826600218707334,-0.37426910256444895,0.642076578874499,-0.6814580837823518,-0.06461604818374479,-0.013033071713480147,-0.17075186807040552,0.06498548164524544,1.2011109600267416,-0.898455146668393,-0.6537235284566367,-0.1952692583124246,0.20477323479711448,-0.2503897959225758,-0.001640273798001467,-0.9903043351417823,-0.36168716146139673,-0.5194250553255447,0.2536311162788196,0.02800270473029547,-1.0259290070731681,-0.2579884654321706
1985-07-01,-0.8336843928580874,-0.27000499796647,0.16223061283425372,0.7165708723579802,0.5494117197839146,-0.8690532894970786,-0.037026354526001094,1.0048518128652197,1.3617707274638235,0.24427663351369733,0.7034350020690062,-0.3571287660835118,-0.8027954341572872,0.5483853846631784,-0.26476721228992883,-0.7706466880931491,-0.6126964097454599,0.6522848735361739,0.9673106622114167,0.5548419502501767,-1.1649660539093951,-0.28070434717623244,-0.6609651025232307,-0.38734546086568217,-0.905155312363387,-0.5935436290066065,0.33857455208608817,-0.13999907520572444,1.1419725162443168,0.11471221262173771,0.1493148141205685,0.9042254659229415,0.4655274824841033,1.3927045362669104,0.11335784879004356,0.3398704125493576,0.6128881378786999,-0.7020284157844304,-0.08700873677300681,0.6515022154182202
1985-10-01,-0.13295967199671255,0.10937585620264997,0.7514545776084045,-0.27659621211470775,-0.40908761305936886,-0.06294504741870242,-0.8434647320112307,-0.12123510370674188,0.010897081750548751,-1.0443627891203762,-0.04637595659543755,0.5390862475096694,-0.0418734155689224,0.6455353422427252,0.4643450580028732,0.73926155910026,-0.018339753540481285,0.3355681491471141,-1.3628538964022752,-0.15226779143050048,-0.8762067218198523,0.15133563832328104,-0.0615892398197856,0.21108774788422513,0.6641316302687698,0.11362169974786027,-0.40856373358780085,-0.6182744771144207,-0.8411747428096913,-0.48422796281244257,0.07122541968342973,-0.1308270528571718,1.0597244517293254,-1.246319426189734,0.04426214217660067,-0.6255748516227732,0.6047839967587653,0.23774992711455506,-0.36779514364023924,-0.29428088852812534
1986-01-01,0.06809623930636044,-0.6122297841709267,-0.1640962654863482,-0.4457074176795453,-0.8647759337591924,0.2822484119820894,-1.1933221371780878,-0.41127815903475573,-0.3282940205268417,-0.07760504135763109,-0.7723024915209453,-0.13349216598369365,0.37828305021345354,0.796704069062893,0.19230308201572408,1.1107977852019995,0.15448776116687843,-0.16206959056441228,-1.1655610236788472,-0.6122328385985462,-0.016098500547270345,0.9512434536779363,0.8801638448666829,0.49976929471141635,0.7675385166938496,0.5213503335783524,-1.3752906302495937,-0.19615624345086213,1.1929792460870707,0.1827971496147162,-0.9379047510409022,-0.36424085026051184,-0.2800439994107191,1.0006210722972966,-0.3912988022899342,0.45145184633871954,-0.3882008430175936,0.5011386703628857,-0.3685048467562821,-0.4441849793262105
1986-04-01,0.2674940473934464,0.33981400991817806,0.13463875669069447,-0.33374643311964003,0.24084350935645993,0.42377507481044274,-0.7499477748860017,0.11814610079025037,-0.5981227074088844,-0.2624266480296224,-0.4202560218763338,0.11151897359794356,-0.018105017131459424,0.4478726287964808,0.3849419900206141,0.3277082743064222,0.24225671640472368,0.05690121602478104,0.3113288741679906,-0.3981295947607336,-0.33030060854190596,-0.6683141227465141,-0.08347590722856137,0.06069652351751421,0.10533470961915369,0.13370145503251854,-0.820666344389546,0.3904199737445974,-1.7292750462656454,0.5899664979154855,-0.6556684259963166,-0.08591340440223533,-0.2240583699122831,-1.2713822632186367,-0.1223212898648652,0.22905505267691104,0.2370648850884804,0.2789766154049213,0.5080323837970903,-0.025313746550636236
1986-07-01,1.4371838210796655,0.6506650835777069,1.2701975291111842,-0.7263669744241094,-1.0740535781139346,0.43925812203160863,-0.3163777773096016,-0.5962287644339751,-0.7166438870866264,-0.4175820830681289,-1.3208250542705173,-0.5984634825920084,0.6838161884141689,-0.4341630547801013,1.0082141782449983,0.9243855560286528,0.5947278698699269,-0.6471389071395025,1.247009271417772,-1.2095678055093024,1.17896360464361,0.7456808360675384,1.011063798597153,0.8238732395678994,0.5441977432105991,0.854730782238671,0.6399891045541972,0.5147648231694849,0.6548952522927575,0.5276067535692384,-1.225321302326559,-0.8794248658450192,-0.6857196856753034,0.8454077954860931,-0.4104418235726193,1.3758191968682048,-1.029107681120197,0.8572739015524712,0.06349727101379737,-0.7515191973886758
1986-10-01,1.0089722164505297,-0.30602590783635425,1.424711698093674,-1.252343717811048,-0.8719120695679149,1.0584483085642764,0.25869647913011007,-1.0249053621191204,-0.4768026881527359,0.30909785096577824,-1.4188938510427829,-0.2710440882919191,0.6849933984054148,0.15954348409014524,1.1218420568323666,0.48577342780936555,0.9058093232149697,-0.9334544635242787,-0.8175370344234338,-1.1041074977003809,1.1888129929399802,0.29652024767415375,0.7322898026674071,0.7703205452766363,0.43631677936465263,1.0826363953930744,-1.5402616785920125,0.7718553132816697,-1.5170905360270481,0.22763019651848845,-1.130778229578343,-0.8781517316912323,-0.22772918927677333,-0.02611078180178129,-0.9165485166700341,0.43467472774306026,-0.6780348591175708,1.0337493553206962,0.7319429759750318,-0.9971470328431803
1987-01-01,-0.34691445534091536,0.29167163824089704,-0.03834109697038633,0.22423068632888088,-0.03428350729524738,-0.31205421514487186,-0.901889892419438,0.10140498787688483,0.6537967814540385,-0.4919910003558645,0.44231624468003,-0.39938865250195194,0.03285694550000448,0.41620234173164694,-0.2777001621173476,-0.41505326551957245,0.06869558813879147,0.3885745631306328,-0.5721923067755105,0.2136613697607788,0.5430283676684426,0.1120752040241498,0.4141231582761342,-0.16096405867984587,-0.3935487725888776,-0.3678848549098668,1.0355164582437777,1.125493540449835,0.5561053473442173,0.17898900908703527,-0.144082742073059,0.2723657686632934,-0.6722419948655435,0.1627496000653109,0.784260736407644,0.380878504354019,0.030656289426909417,-0.23321401299538452,-0.4827210439213955,0.25111577673557217
1987-04-01,-1.3646632037300652,-0.008071898520624577,-0.5559309363976849,1.0295032004484332,0.8698036770632532,-1.18414440662697,-0.5816939451686889,0.8577535697622776,0.9032070472662649,0.26337244729364007,1.270713119564488,1.537543867839237,-1.4666299180701854,0.559051234372829,-0.8348145162077139,-1.1709420681089637,-1.4431990207837149,1.3186091116939271,-0.1770422959234382,1.3460224376059176,-0.8792527485678496,-0.564749698696242,-1.3920703506115673,-1.2640195922963058,0.3361456350576929,-1.2318656030279682,-0.06913084156992257,1.7290614794093662,1.134446485535,-0.6337921256655283,0.7804024598660632,1.0992325415649802,0.8430509875725017,0.6857672685821272,-0.7553275286619656,-0.7281972455808728,0.830810135789142,-1.1734907266485148,0.056073680490621815,1.1681220215654864
1987-07-01,-0.5755992215089398,0.19855898203784486,-0.5498702321795989,1.0053661982862985,0.9153936823819799,0.027464499643904586,0.07447491112399648,0.8632138910033041,0.928698609513744,-0.060940671809202464,0.7604995169875485,-0.05039553078437514,-0.6832011472356116,1.034009048638147,-0.7246921779828878,-1.150321598881366,-0.39791078925873435,1.0396653879169568,-0.8927091578529661,0.8688713045855947,-0.9368949247130338,0.075660251920448,-0.8189390471131138,-1.0698539422676696,-0.057158998042227765,-0.6610969275978996,1.9352922532567596,1.7455659022880692,1.1161374617116275,-1.083646888268749,0.7271373445289064,0.7758802672942677,0.6525311789845485,0.5552423761473336,1.0407738309438248,-0.7924963531180096,1.0587942242734438,-0.993299865189399,-0.2953499118993402,0.9345235601123959
1987-10-01,0.6340097652258322,-0.006717011081050507,0.7944085426470441,-0.7899609192526216,-0.4564526391873555,-0.11209916961762639,-1.0212163567007377,-0.8336426494349969,0.19784840125933392,-0.019933263593254615,-0.9566800453944694,0.07864465754804698,0.2666665796883014,-0.20628873349043314,0.1355674441255911,0.345493730230106,0.3113826761510038,-0.2418693360885538,0.13421388673580437,-0.5151660885556478,0.5593050187725754,1.2021356250332047,0.9735655625306424,0.786613968713688,0.8777794125638954,0.5495769435545772,-2.0221316112470555,0.9869280328745321,-1.2374028072267143,1.1684504996414666,-0.9269060881229094,-0.54569990878365,-0.6168014415534178,-0.4355618343780711,-0.49491723950244004,0.4435976134265863,-1.049539284959607,0.7833581965702757,-1.024163251013009,-0.5814615405869176
1988-01-01,1.4129787955454884,0.07602315062814223,0.763197343133096,-1.4853338305186252,-1.8143386906189958,1.077006340428526,-1.14617342244008,-1.5004046011443553,-1.3613409298955497,-0.11981503466167305,-1.7175942889310734,-1.185188325461576,1.7126928236361085,-0.5034602063194584,1.3927186860608047,1.458412246222449,1.5589331806909725,-1.2077527671945771,-0.4742609869591084,-1.4549377250580011,1.2146386433219525,0.035790738767366756,1.5162891530280531,1.6078303223406207,1.363293764175019,1.6129742365022717,0.21883353814790352,0.9739106094336428,-0.6673567439021653,1.095499740342566,-1.901023130343504,-1.6599744012270146,-0.8771397834946646,-0.8972279781241719,-0.7474862041004222,1.8975488291322558,-1.1201676829151856,1.6890510854957776,1.3041961200040233,-1.773086585691412
1988-04-01,0.1425680419053621,0.05572088769905937,-0.47433843519157387,-0.7445725956157208,-0.3644327934602132,0.7943216284132563,0.2225860654754603,-0.12303266716546954,0.20696209799134005,0.0839139986661881,-0.5723577630938889,-0.003976154966995567,-0.19296017314906913,-0.8026456787463818,0.4884361729731922,0.4898731875384898,0.4465703702277589,0.21797969983725088,0.3371339648590877,-0.20470297181633929,-0.041872708946983896,0.0958678027956596,0.3684967816249626,0.5482650753900976,0.5315353464183422,0.2989280949975073,-1.803462730460127,0.9193783940105809,-0.9972890788231137,0.23883765393293377,-0.9722703044769792,-0.2594846327972282,-0.21697222435642394,0.1296550095192187,0.6602510146465658,-0.16217374822737932,-0.22968087757374336,0.44572716349325847,-0.9251263812011844,-0.4285179737310412
1988-07-01,-1.6893744276776752,-0.16685832038827597,-1.2130503093848846,1.9146341741641515,1.7713084243281736,-1.9125878755628756,-0.8135700118928558,1.6478342091600922,1.0295960362445018,-0.775724760280767,1.590386266195014,1.2984436349156627,-1.4732890520904243,-1.0855371988984686,-0.09025737826738267,-0.9096016956976977,-1.7088784981647516,1.9826819004124339,1.5692479154687446,1.7964468468619077,-2.150912493950196,0.6640814762134598,-1.5489778122845734,-1.650955802054932,-0.33851283058313375,-1.6367846623564941,1.8757406012659321,1.3340935729767038,2.4512459427110307,-1.1713977396821744,0.7744281081390131,1.7872703761072544,0.5191546406666022,1.110982091420621,-0.5232653667118937,-1.7087579501532306,1.5313275801530701,-1.831921024624226,-0.06787363945953917,1.7306998114885483
1988-10-01,-1.5093177339434294,-0.5041889341370952,-0.800666200152898,0.6349285069142748,1.345966618273943,-1.1081991105037663,-0.40643569687414577,0.7682740438431305,1.6127035846369466,0.6636655957274763,0.9338807001531512,0.8775498956198159,-1.1890355993396422,-2.0450244320122732,-0.8085495416256699,-0.9608950995403704,-1.0504729141005387,1.535686485716281,0.06413334850265945,0.8874737863417205,-0.805815800855047,-0.009747546960389736,-0.98280026312049,-1.3273077743922423,-0.021197701925406112,-1.0366069319901217,-0.03144964359562845,0.6652492205564285,0.1925664174745147,-1.5104505083567679,0.6666141469033893,1.2650275709591896,0.4878903375085597,1.1527239103977713,1.3013840318860055,-1.4569496935877477,1.0399891815181943,-1.0549396852042134,-2.463607688047303,1.2630519475841215
1989-01-01,1.6431352752783135,-0.4767872719776953,0.2722125625285383,-1.1609779846766815,-1.6011550831951258,1.3499156154502823,-0.48122104814018385,-1.2472303629940316,-1.4783596568784056,0.14373133003635402,-1.985688163557963,-1.8086626589619286,1.2719073438845137,-0.854841801098807,2.0736818057103408,1.8942052905383597,1.6675763456313426,-0.7628802668563778,-0.8090223626846933,-1.1962872175844605,1.1886394238324578,0.87428701258221,1.7379925398512128,1.4487350610027032,1.2860185268236797,1.621752590830502,0.0223730926547121,0.11947823577768812,-0.5994119991304764,1.5609490971372137,-1.344644249884547,-1.2843739208076848,-1.3133551859136083,-0.938470318831342,-1.4954624891026993,0.9901826623825143,-1.571108475176463,1.697864064359017,1.2675561763191152,-1.3968385274908315
1989-04-01,0.8398378628219351,-0.2431523918477521,-1.0346093604290754,-1.6725565604836623,-1.7825244463945433,1.0902457315284475,1.1153681377150653,-1.7130306726758568,-1.210958445309657,0.41646675720265136,-2.941368544701838,-0.851518146180813,1.5077264122026963,-0.4461579265483061,1.7075232520641623,2.0262275674434056,1.3276691224273713,-0.9502459075791665,0.3807931394905925,-1.3101375860244602,1.0858275708961742,-0.3803857305239658,1.7554744414489187,1.6897975658258875,1.1457648306460895,1.8189203566043086,-1.9423561684783182,-0.09505417736997121,-2.0731345503107095,0.9093544775480755,-1.206257948164625,-1.644781543244978,-0.3662667031816714,-0.9375403161273805,-0.42984846936403176,1.7484494057462163,-0.9782285438962409,1.6301925973002935,-2.0573158788151917,-1.8693651690885817
1989-07-01,0.3852527882618784,-0.42468810968486437,-0.5461588160016416,0.5382187719501556,0.08959423597647179,0.46313077157552707,1.102027055424964,0.6712389454293698,-0.08889372857761432,-0.5093526717729148,-0.6507124729774914,0.20900820839781917,-0.4027889863621421,0.4627815505877632,0.1822796650845117,0.30543263001089166,-0.5391644141412496,0.9461915842203742,0.009312538832200767,0.43473552276013994,-0.34818241202274436,-0.9787386177663203,-0.762619283325136,-0.42415815754810193,-1.196755389191348,-0.2822036902927905,1.0672204522303796,-0.20309549263483637,0.39066407578061313,0.608665875247961,1.018346195399953,0.21500480804972308,-1.1554382866747401,0.754047399909378,-0.20440915591791783,-0.08924745849310947,0.7590579438972346,-0.21853698747308462,1.0871406380322879,0.15607813567651044
1989-10-01,-1.6311719152291162,0.06388061733493992,-0.9425272688593496,1.533419088469616,1.2470413008192691,-2.059671943665725,2.189667423610762,1.9070394603197651,0.9717760617682053,-0.7614078911717458,1.449354550549952,1.4727581981816718,-1.8406773724598646,0.18277164893077252,-0.5310699136996785,-1.3109086473459726,-1.6307643271288481,2.000781753135311,-0.06850267943721629,1.8777337390393196,-1.4894111545901532,0.23916626869721255,-1.4405490586254088,-1.6818186335047793,-0.5212031263626798,-1.801415245117262,1.0462205438742145,-0.36036335760647253,1.2228030154651939,-2.28103346060922,1.7772458395313575,1.7597573992004572,1.6060472156277172,1.3886131920494014,1.6755277527079568,-1.4894843773056676,1.5030281984067821,-2.0008878673681907,-2.995840028471575,1.709751984422788
1990-01-01,-1.6006241710110745,-0.24510213336506592,-0.7576789811279326,1.211149922666721,0.7904685264265217,-0.4403053339997554,1.2903065976630412,1.15881256006491,1.5542381865212898,-0.8074438312242946,0.9614850214347799,1.0094683903387036,-1.1955187562176437,0.25354818543894553,-1.0102412232493003,-1.0688094040812348,-1.0486073187993885,1.1791226434013389,-0.3575240337889896,1.1466151894713428,-1.2189884500463903,0.3496634000996359,-1.008402993144609,-1.3087604995090485,-0.4999060227192718,-1.2605891905470912,-0.08087583026408095,-0.29871812895998034,1.6267320990862373,0.1937537599883028,1.1263707463321169,1.164786322159483,-0.255726284854136,0.4723222443312452,-0.8401127703249314,-0.8638900974333265,0.9652736818613055,-0.9527195679908181,0.7072808008508278,0.9914639616766806
1990-04-01,1.0278145610048839,1.1044035962802194,-0.8198818122352525,-0.584993502666329,-1.3629861114863766,0.6992597458852851,0.6812046188127499,-0.5639267913308588,-0.6108575001704409,-0.7815046206729181,-1.4046111549567055,-0.7157900611878196,0.774203063653633,1.588184940975069,1.3916275786753487,0.8366719100643064,0.8463193400400767,-0.7258550107017754,-0.2647116017964655,-0.6283702058881713,0.3987622282728847,0.3073956419322539,1.1270786202265013,1.1810744769629145,0.5394810449539381,1.066023341792572,0.24566321109494413,-0.2733245855059101,-1.2791782581196307,0.14978137983311318,-0.19493892910542063,-1.0845430230578177,0.1555572676412347,-0.0816763345903747,0.19164909684423287,1.03857743861023,-1.0849838896014334,1.0033636530877956,-0.5411301027166908,-1.0737580769993567
1990-07-01,0.28960751895041176,1.8610357419734782,-0.6444486093204517,-1.1554583355227157,-1.2627534566280973,0.5856921441704995,-0.04321122711593249,-0.8154600079184968,-0.9813574897183176,-0.3881198627825622,-1.40548717579063,-0.9649642582057388,0.7389140167769918,1.0698439555099695,1.272606365389812,0.8256255612335998,0.8769383113396678,-1.030131374450033,0.8664713126731343,-1.0837889209379619,1.4335313733206907,0.21523325580303324,1.0177183133798808,0.9935537774357637,1.0856851065537774,1.0026406395188319,-2.2755115839773348,-0.46111602267075047,-0.44042560392942587,1.4779249877141667,-0.7952960757514649,-1.135746088808976,-0.9060739583311818,0.054706185273962815,-1.1091856785872936,0.342020395991044,-1.5001772509473936,1.0896722687734997,0.895878855519654,-0.9609868309369504
1990-10-01,0.9075974479058418,0.2861170669255865,0.12034885882379262,-0.4140552720682359,-0.27834868523258605,0.07883489369293832,-0.38800256926589355,-0.3544028377446055,0.14530044037533715,-0.16725144664882038,-0.3924827800313194,-0.027329127373802244,0.050132312337715444,0.6754766522385784,0.5422405265055021,0.06038120706494229,0.31459660697611064,-0.2897090131988512,-0.5882792354965313,-0.18387035889049902,0.46299594705595953,-0.25257303480585397,0.22707000071174777,0.6696661356891208,0.5965680002716907,0.37175833157728083,2.002562284101174,0.4814687402278473,-0.5782223377646506,-0.2394437704047104,0.1092448544239851,-0.29110676183436596,-0.44442015074552976,-0.15515094058173945,0.2888248162353853,0.45607713779482145,-0.47990351910427337,0.2523753835650703,-0.1034378641320134,-0.3154469426242249
1991-01-01,-0.6738915269369624,0.45982272420713977,0.09103635742397446,0.7465083378680374,0.48652420206995883,-0.736529110749215,0.822268762495797,0.6623046766201629,0.2629944649533864,-0.04954696813038034,-0.10166883054010807,1.090462369953995,-0.8358763308484326,1.4318203094161643,0.09831805194769505,-0.5986790336397926,-1.1069475115089515,0.7727054581123922,-0.7240326314057742,0.972585433978765,0.3672715385396097,0.8154917705130337,-0.34777780520883383,-0.9960667756484222,0.378156110132567,-0.8551285043795955,-2.4095437485472573,0.741906183485711,1.1076295214322907,0.25171023334165943,0.49033600241987507,0.9437140895772619,1.7310142110322149,0.3402642446714348,-0.31136182524102485,-0.46412546512090724,0.19618315293878164,-0.6896676179394616,-0.39026835571157437,0.8072947722661115
1991-04-01,0.9582529406352183,0.8287910604258406,0.4192840206922287,-0.7718374894482984,-0.20255991908921636,-0.09771598853840818,-0.4964702215901237,-0.07199701414832033,-0.5026774866200613,-0.5057017870007561,-0.5230959785973585,-0.3392407918456082,0.2448060125545293,0.5200529852043168,0.22717582522199584,0.12257537451019045,0.32325050640288006,0.1784770474676778,0.3588564307473724,-0.31926308419277055,0.5503769807640306,0.9757865765619681,0.6279493715295626,0.42093463395043584,0.8539668198855282,0.33849317463282697,1.8873982647114942,0.9968082346057758,-0.6300422798162315,-0.9908258414867332,-0.3313256477005089,-0.14970897210671139,-0.9567233999366785,1.0552385111365077,-0.8082164034145471,-0.4374237889683859,-0.8341959479709602,0.3118933196341498,-0.49491260525392067,-0.1605011909322635
1991-07-01,0.5903991779678534,0.6101820380118063,-1.3552476266512026,-0.30565116714560375,-0.42739925819002705,0.32450119486903417,-0.018121775595956825,-0.48323274779056136,-1.458408131995751,-0.20164387949973858,-1.0412691265510883,-0.3148941444476453,0.5229101832686563,-0.2676625209745479,0.676898449291942,0.5202289563823406,0.8214316144438827,-0.4645618957920084,0.34940644792813147,-0.6230921351282938,0.3260257529370775,-0.22441359663292032,0.48019282974191213,0.6248272417602815,0.28588752621307617,0.5952872477667506,-1.8348465676730774,0.8495006177284045,-0.8024736539298453,0.9369561530303744,-0.41548328892223174,-0.7377209574723768,1.548076385381348,-0.1177443400465397,-0.28637146955734455,1.1897536588293502,-0.4397217005826941,0.7703193719520565,1.09813863514576,-0.7613392648055175
1991-10-01,-0.24414554421436352,0.4109540622124211,1.243127977098846,-0.7268992417382838,-0.8221040193265304,0.016146220622460964,0.0031576176284452287,-0.35065866992517597,-0.04924585322946595,-0.7177507694973729,-0.661952758238368,0.14157772601015642,-0.015578982929981552,0.3767910581309087,0.6142579996811572,0.5156772767163199,0.20533436269031027,-0.4387688204955368,1.2124140214965597,-0.5208700229996672,0.18494737836939323,0.5934744270713578,0.3010163183616314,1.0710870850663148,1.1333417229581613,0.6995785652610997,0.49353996236246017,1.3096252965434652,-0.4416466134102866,-0.08058532419982004,-0.06814991767154834,-0.41593081816547367,-2.7562847989884074,-0.8514161448748391,0.7410101305964106,-0.5554145287977332,-1.1769520902846449,0.4468482107903701,-0.7592176016987822,-0.5634229998796086
1992-01-01,1.2372793782217988,0.7878819188459312,-0.536533535586096,-0.7866366052497071,-0.8032090611576359,0.4894521722845454,0.1517974048950132,-0.3434237532113704,-0.9079313816386951,-0.03925435987258992,-0.7269999146823888,-0.2599387337248436,0.5213732042300726,0.534455971925133,1.3308593157447166,0.6298398856460785,0.6190948372492326,-0.6821431456189757,-0.30693495934576775,-0.9383942197166462,0.2155110539595761,0.16489581664822042,0.8929469159703874,0.5510031244893441,-0.4271465757122069,0.7933034666544676,-0.1572152859570597,1.8235966470970135,-0.5980713143331411,-0.12899669167964403,-0.5706111864730891,-0.6982482565122828,2.4484796133967186,-0.8787578791606594,-2.307970537054175,0.8982777910912771,-1.2452243541026258,0.8144860830262447,0.9179179437275727,-0.871801852836674
1992-04-01,0.15575544166789018,0.8594694504149595,1.1739605088129368,-0.36365942755790787,0.34713314266097367,-0.34962738035775504,-0.6172524617140773,-0.35674728342693174,-0.3497838495628662,-0.04211140178703547,-0.12315710555915252,-0.71141279703816,0.2503367358046872,-0.6164734529998095,0.37829093462400465,0.09178752601603436,0.5038098021781022,-0.6193982914825867,-0.15724643626951984,-0.3505593382034863,-0.4412556322389431,0.8352645854129769,0.8956558379559215,0.5714637435751915,0.5821435931504128,0.4714729341175273,-1.2022775274503077,2.1744892320774345,-0.44393689254248436,0.30181492187195563,0.561476712907718,-0.36421231672633,-2.083582615207768,-0.0845427822699669,0.22916624745567013,0.2581608597387928,-1.2832997506707098,0.7424219736176408,-1.1916085957721627,-0.5730907601174033
1992-07-01,0.3065758239534141,1.6353279446343667,1.0658498000116825,0.28613246098963907,0.3919863313134886,0.8674046886827269,-1.2054427591248729,0.030680200753890784,0.12169076724567664,-1.5254069974125077,0.19656381251872734,0.0044610998051755205,-0.07252108718454624,-0.3483483970107863,-0.26907023777965106,-0.3404188892406071,-0.09746854660000508,-0.26150710059336857,1.0513331310627205,-0.022654580735603704,-0.4380782158315869,0.4486994797815621,0.12052426623147017,-0.4521455105515909,0.48990557566894094,0.0948053284082607,1.1215324180401711,2.269272944506308,0.250073048894063,1.2148761019436678,0.7733887830417292,-0.08052590936199443,2.3009092302505225,0.015234367211876184,0.19457921658693142,0.31588477000734033,-0.2287708392723427,-0.05227650931813613,0.40916048227544444,-0.1746824113626221
1992-10-01,-1.0550913257723713,2.3640816748151425,0.046635647815915504,0.32425767679161754,-0.12928229112266276,-0.04964237176761409,0.8057854926301479,0.7484728824757255,0.2593146720390621,-0.6524399459609901,0.43283600262783883,0.324379111594548,-0.7731656380765036,0.7044866264364975,1.3488421973664426,0.05219681951490391,-0.37216623209114125,0.18883585884154197,-0.29835586606082015,0.824166877236501,-0.8913718825302397,-0.26974926846551645,-0.15724560243701502,-0.12850587764770083,-0.04867695512969627,-0.4161033998061797,-1.3804352555947381,2.553500009771196,0.37559706776355933,-0.5859746661272779,0.9261981283840586,0.2321238756835508,-2.9353739371109606,0.9546743803016098,0.37108463170296047,-0.3136899909747576,0.41906922993028634,-0.26751913528310856,0.22054798129839429,0.14640222135450243
1993-01-01,0.28667354096540837,2.4719293674292455,0.5232839628311668,0.25784302178693713,-0.6553941692237577,-1.0016055684485685,1.0667287472555824,-0.03474614051394032,0.45239958694719234,-1.3578364169031862,-0.06833247476394437,0.5565024625252019,-0.4064880684496538,0.27762325288999196,0.004686252365762826,0.40412392874500125,-0.5693728495111957,0.14299684842601304,-1.3948462687780596,0.32434840779170604,-0.3324060421917483,0.8285103132502403,0.009772433283849375,-0.319409149834108,-0.8026826799760781,-0.2677710147060575,1.5545427720834095,2.8326887312279214,0.33815407497895417,-0.1417729894994022,0.06378257024120391,0.2324307901574831,2.7515343611673555,1.0074653258865842,-0.6257519245458305,-0.7669416912694601,0.17527567223733126,-0.18327598326471103,-1.288325962631764,0.12475800142658319
1993-04-01,-0.3968723837702756,1.0102379835063602,0.01242810440122712,-0.31786736042881913,-0.44485254581002115,0.5563060523254086,0.21795664430143133,-0.131804579347051,0.2031393541520686,0.060107543071656624,-0.178709189471735,0.24760720266830225,0.21381356503279106,-0.16520458447691933,1.1627304735881574,0.15469849620716195,0.04596295517801699,-0.31235534495697603,-0.014736594955924389,0.018432550299983953,-0.022933770978040103,-0.4141296610775627,-0.14739767924938124,0.4538653185021923,0.519335512547756,0.21728763737502557,-2.417057768622533,1.968990917789709,-0.38859412521439163,0.4735330317444772,-0.23904935149162743,-0.3918774829326592,-2.327975431862856,0.11279110013844286,-0.309663482004217,0.28944581481137716,0.8639136054272422,0.17238895970534068,1.1620274924752927,-0.4108451328008232
1993-07-01,1.0545777695966934,0.807521779719517,1.2905223232370677,-0.2814428805774074,-0.2830174949434345,-0.09679543708584529,-0.2101743827726519,-0.26268362059735323,-0.5560304422173222,-0.3913882421308218,-0.39886422466943183,0.42289011120680337,-0.17689656326916844,0.6560974577680463,0.005357137841034369,0.5997825973728315,0.1750952035360498,-0.02343042261214726,-0.25134729600264843,-0.23347475316292843,0.21618800953078082,1.6412295322531163,0.5252607682342276,-0.18713486013266203,0.5400868478813393,0.29372255688879634,2.0027967963881768,1.6540943872711422,-0.06299545339272795,-0.9265201703699147,-0.5965422120166467,-0.08688342174653237,0.2987298911519424,0.34336459683039955,0.5188184421764975,0.36692153996080623,-0.16356895949553205,0.3479812257070861,-0.38982610992275496,-0.1917396076732749
1993-10-01,-1.050338224627712,0.13775798267517872,-0.46280226251855794,-0.26782101375489836,0.057514691384614104,0.45340026758185586,0.00691027977403941,0.0949109620936085,0.5875236572258943,0.09313902620750716,-0.741618904786711,0.4589720304539656,-0.057379530311280035,-0.40093436709633795,0.4418369680625208,0.5618805170855383,0.04815551892617569,0.20828259253545345,-0.4506381631899229,0.23177799182199282,0.45090939788963985,-0.43924450314728186,-0.21738425194568223,0.42662827382959545,0.2520632089389437,0.27492191024579427,-1.4405136281959317,1.4860340888715655,-0.0633783264915756,1.517741827371104,-0.6186189315790132,-0.38373029089384625,-0.7729643829112172,0.3528087014800756,0.6414950077887633,0.4451167644273813,0.5935374236165045,0.09419064246205847,0.5047632641740587,-0.5307048183755811
1994-01-01,1.1802514592962126,1.414747345753971,0.39521213961732404,-0.08297595741959818,-0.20462372834394202,-0.6262058210643081,0.5591829222769421,0.3782940401530046,-0.6032485108355492,-1.4532488132793697,-0.7594467532630335,1.0966978821242546,-0.5808457322328738,0.4625376564813697,0.6262765968870424,0.9489645949034183,-0.5414281094544302,0.7262151007459888,-0.9471894228792344,0.33361933197454646,0.08289013914337062,1.084521573666464,0.08926553677234186,-0.3567470592706442,0.7941020806051146,-0.1378953088088368,0.4889055185818005,0.5406226478710499,0.24825170163479662,-0.30801206445010226,-0.3335686999644508,0.34073060585321835,-0.2734874317256649,0.48057043071938205,-0.4943895065837299,-0.5199352531753489,0.4236516967977457,-0.1556055556537612,-1.0528876150872593,0.14618880152430969
1994-04-01,-1.928118868252401,0.2727344139982606,-0.5614640742897521,0.09787555777886703,0.045754436725412614,-0.2831656510316821,-0.13757766816993203,0.2261064049452496,1.727471347159346,-0.6960723050837186,-0.12857535081843274,0.45118507000893676,-0.5329780215002661,-1.2661959726009315,-0.31783326847602056,-0.05492565856823606,-0.5339288709556751,0.1862125308249844,-1.2046152048697405,0.480810892967075,-0.4558202947263487,-0.09964159370283177,-0.2038944026806678,-0.04118169712215196,-0.48970524678271593,-0.06245864865889117,-0.003932971012292652,0.469926480574418,0.4834691492288995,-0.2359116291727463,0.500361676459785,0.03390969211146376,-0.0026505894022752856,0.5165407830052476,-0.07969496539622373,-0.07559933201369218,0.5247736803198417,-0.02362370519222869,-1.5221976511538677,0.12417156556732639
1994-07-01,0.7773587154073025,0.6506675541933257,0.13774536720293096,0.5263125357591917,-0.4193971496167349,-0.4857621284293477,0.8941522678158436,0.38407606862737653,-0.9332100255996595,-0.8706592979348905,-0.3901555801779071,0.5978974259303445,-0.2789562182875937,0.13276428194407344,0.297928194783917,0.22706040129760433,-0.6815823873462229,0.3736893598349102,-0.9962476557295828,0.21064852609580395,-0.23485819994100743,0.6516351800933323,0.4625717354630645,-0.31509207946670753,0.4819677416035046,-0.1930328749943886,-0.06859947298596819,-1.6046778666175483,0.5330059497861099,-0.2517456645961667,-0.11498649286861323,0.3535553968767749,-0.09734734631957255,0.14312308627165402,-0.02190124428760946,-0.42477802149327015,-0.3264956340158494,-0.248338252667844,1.3135499672576632,0.28287466071159273
1994-10-01,-2.2071950397556472,0.9307299983573069,-0.037882935951871276,0.706815210502965,0.28621677293409115,-1.3039579551658222,1.8669681145437165,0.9885488037841319,1.430101303616648,-0.4211356699480531,0.8031435535536778,1.466146358162361,-1.597645926379325,-1.1756739976035433,0.7022797158550975,-0.11893161450397835,-1.0595797267171936,1.4667843985517823,-0.14646525489337553,1.0838630008492374,-0.9634859819222562,-0.4598446602871263,-0.8796724043307951,-0.8980924217313726,-0.609240199424452,-0.9664221313821577,1.077509466215589,-1.5821494129547455,1.0940437985561178,-1.6067818728990857,-0.09096068259155331,0.9364559563515152,0.23388005115984997,-0.1066054488845668,0.15062614422688048,-0.534274594166805,0.945270795376628,-0.8986458853863917,-1.5758127968749158,0.9230875628741779
1995-01-01,-0.7860981289683593,-0.21217559872853395,0.4758701788401991,1.535661920666268,1.1364273003752394,-1.0327666919493625,1.0163763048009087,1.868881330350736,1.1092984273165802,-1.1811117487745624,2.0698936166945816,1.3867934210494304,-1.5129530117802543,-1.4289051463130273,-0.7508358393980507,-1.5321007395370456,-1.5137853290709697,1.693575190090322,1.1327223856179296,1.905646411217291,-1.5320732470369185,-0.3179151118964367,-1.727321970999482,-1.585789041027808,-0.46698208947071246,-1.7746591133257732,0.6277067668768511,-1.7783634055558992,1.6747430505861725,0.08689611287655141,0.8797124848079163,1.6407827122975847,0.6870752715908514,-0.16073438578678054,0.24646186063332248,-1.1099568408053018,1.5074197569028647,-1.788428920582682,-1.5198203406254602,1.642133681339855
1995-04-01,-2.594236280198684,0.5041024135501553,0.1965817663070739,1.8988496549143716,1.2632005279025467,-1.619207114555847,1.4909147299504342,1.5657309986068295,1.2770391846261089,-0.6287524365500756,1.9845713596483379,1.492640905925025,-1.6844102455375232,-1.3844612656066828,-1.7182939586974255,-1.7647019046041248,-1.9810408604941472,1.7235751758208482,0.05555797919495164,1.962460872658625,-1.620400834069714,0.2646734536823848,-1.8278804552906824,-1.8162474645724982,-0.8424272254834033,-2.0313957576832946,1.4550309687473566,-0.1403450370649999,1.4376904289153292,-1.257619622821367,1.3175815050504032,1.8271460293191364,1.669684360144147,0.08545957304868584,0.867515574277424,-2.08202392174868,1.3573432111700185,-1.8090373473572035,-0.15157694409944664,1.8212234301895835
1995-07-01,-0.1544179231157765,0.42570350408911917,-0.19045261927223303,0.4122430753147694,0.373600337573949,-0.3679243219807846,-1.6045154591634125,0.8826142268404245,0.5469114441647015,0.10256408102271819,0.7553858488399018,0.7504472787692335,-0.8727910259167341,-1.003163742804452,-0.17956889679158647,-0.7655005679331823,-1.052912900613777,0.7911163863990557,-0.2401663837021811,1.0785657642153068,-1.2046277635944467,0.08067354263041326,-0.6793570247443366,-0.5469674749642248,-0.7841332564271675,-1.0153813555634175,-0.27649383758984647,0.5248060737835527,0.9206403728800499,-0.7187511869073419,0.557038171162707,0.8887986734631546,1.4829830414210812,0.5526219577745553,0.4472016075385931,-1.0708038483844817,0.6344657032619834,-0.7757947819191701,-1.2464985034263891,0.8090426726335573
1995-10-01,-0.6029900691652141,0.2180122065998069,-0.7699740739854942,-0.7718812684862231,-0.749047191851279,-0.3247071201416427,-1.9004642446775344,0.09288548632058657,0.17636531093906058,-2.2122445972144633,-0.7199873879272248,0.0693387051054215,-0.40889016197384,-0.6152379655843205,0.3404508276691683,0.5505051320895283,-0.27258504515435533,0.17695726576142037,0.8712353516685484,0.12854301085175268,-0.042844923717895715,1.0031938777072822,0.45617206465014354,-0.0541941596965332,-0.18141654459734363,0.19288772364044737,-0.494613512862547,-0.7913931995134822,0.06437313242648648,0.4432400020949031,-0.3454226307586736,0.11824727892463503,-0.4585625947980424,-0.48201383762286854,-0.27483800716037643,0.10080219074067481,0.4289343949195352,0.24770044602441654,-0.3224045661456949,-0.05315943645228468
1996-01-01,1.585224652126117,0.5044409414919132,1.4933435518557197,-1.2950519567352998,-1.2102712769326764,0.022154118423255213,-1.9927568222996943,-0.7566490470405264,0.4589991213052516,0.009101489626357338,-1.4189981729713057,-0.5166464288355102,0.2833396007131862,-0.3994072352517094,1.485436200139684,1.5541390367204198,1.231256109665015,-0.40471440987678364,-1.1176225624415244,-0.5236012497471979,0.8272584594733464,0.18371631028616117,0.8098028130657859,1.069276472022449,-0.017070438019675442,0.9584828283634651,-0.48013075387473747,-1.7055320766987518,-0.8199521650082392,0.15428211717674556,-1.1070736810189687,-0.9267143974916285,0.3715304213486898,-1.7534960865927518,-0.7915783734708085,0.2332668959304206,0.11749887694711655,0.8468326611665623,-0.8618365518573057,-0.9095302333815253
1996-04-01,0.5415544170337553,-0.030956772626133798,0.019178088858607584,-2.00090550328286,-0.6002301258972189,0.8612905446572193,-1.955011095134247,-1.1275917157486905,-2.058872225217369,-1.0851383450103564,-1.2066849173671315,-1.0853281210428387,1.1493663653932857,-1.4678740504825665,0.30544626924842766,0.7559411989975575,1.34472863561908,-0.5493003220071366,-0.12683630108211402,-1.1793432645753332,0.8882159685583455,0.33002733997421196,1.3650197566714246,0.8683678629934755,1.2790014186716798,0.980216174408152,0.2537868654517011,-0.776374485822061,-0.5006983747280178,0.5639843635039227,-0.9200733410832088,-1.06598873822221,-0.8685087139772244,-1.6206007041829635,-0.6944433475906269,1.5106616270473963,-0.23736433220022174,1.1186004109789576,-0.22128607471487446,-1.0683402793099768
1996-07-01,1.3105548077728661,1.2664632813523395,0.7291371806767025,-2.0743614632103364,-0.3069721248272064,0.3817885735558869,-1.134768981795383,-0.7906642020650635,0.9192083970566566,0.9037874879425444,-1.4183098555632065,-0.3988434261822569,0.6314389969894889,-0.8476189481957512,1.5941448909010023,1.3591600457680693,0.44292282573234193,-0.6563140543817932,-0.41838973407287683,-0.5960484449659722,0.8272242213544067,0.7398452796385888,1.253558141404265,1.259863128270301,0.7328156381654026,1.138360140208329,-1.7304113357826767,-0.5096493832696213,-0.8326002717699803,0.972300532307145,-1.161053217833848,-1.0296527698640545,-0.734960755610467,-2.6713323726928224,-0.9809342528773888,0.46926720453482107,-0.48035790072505147,1.2005215623919518,1.7260926270874757,-0.9362040566253684
1996-10-01,-0.07619189791891026,1.0706521929937374,-0.7764180372639891,-0.629797922384925,-0.4708432936138896,0.9148817874576985,-0.6919943455769612,-0.5159227164434801,-1.637128857637864,-2.2252935227859574,-1.121401802879103,0.19963090705605047,0.28874586641602557,-0.15975415215945732,1.9193205438830545,1.724552290450005,1.3287309093113953,-0.49509687936503016,-0.1417066108635466,-0.9391179481545094,0.8564563021448134,-0.040491656473604865,0.995896988561005,0.838403206767339,1.4387527175520853,0.9279936141933511,0.578078345362634,-0.5276964367199243,-0.8203757314220365,-0.35785223396761356,-0.8500616469163194,-0.9520887944646831,0.02527070503641358,-2.5827159203035865,0.016884453399917516,1.5358743847220526,-0.4996880841742091,1.1353573247048567,-1.5409228185334112,-0.9603763970148599
1997-01-01,0.7070574124385073,0.5621540193206014,0.27764169610949985,-0.5520951158393025,0.22076872244607115,-0.6479627674719478,0.666577788238981,0.3171577513502148,0.2319809441295089,1.0842876320711479,0.06308049577667531,0.2754751139001852,-0.22920465276550173,0.6645685096699203,0.24479600466308768,0.7074173198147421,-0.20228918356285233,0.013165980034709718,0.3902134831612473,0.22979299655531518,0.14260105376417836,-0.1441364701850294,0.33843114745186637,0.2486571980234161,-0.04566209550404535,-0.006805288220061769,-1.4401119998543161,-0.3334124272052875,-0.19490807911066482,0.6468813950279396,-0.2948967454831123,-0.02766749868922084,0.1214337546013448,-1.77582286785916,1.1374200418066471,-0.6767581935832865,0.8302967802010494,0.22534861715252122,-0.8422380304840423,-0.19345907364042714
1997-04-01,-1.1648302540652178,-0.32441351804507484,-1.118500408422795,0.9973676393114111,1.0750125235160468,0.42876137310326007,-0.29483569301133555,0.5963409108462419,-0.030511392623991176,-0.6548727627241401,0.5507099683733018,-0.013871126532328748,-0.4853253270098983,0.4084130272254926,-0.22147642084745534,-0.4918296340038501,-0.6562952624102512,0.5087683361707105,-0.7174618355658923,0.3926284014794801,-0.0136480006512177,0.04453365042134081,-0.14347928886644168,-0.43935616410931855,-0.11996473972210953,-0.40007225323500983,0.2937516590914461,-1.6015764029916097,0.7751688325091318,0.031142091470095883,0.17781408072691202,0.5571725772513757,0.8378165126297242,-1.6412793287068357,1.074528737820792,0.46807281543767587,1.0233413089636063,-0.44298938306825747,-1.1911533688249971,0.4583996662979074
1997-07-01,0.23523112446464103,0.265977332925681,0.09004738933291202,0.6757608484784849,0.15737215001072888,-0.7921492201029003,-0.9374631470128335,0.23730319312102266,0.9974314505283066,0.9040489085123681,0.33834926006737487,0.5793009839594512,-0.5097826825031494,0.6144692942086815,0.2839584669324689,0.0073299932253643035,-0.11602401295727578,0.25733191091042806,-0.33345337895839317,0.564614589914568,-0.04336278539606918,-0.37631308485952,-0.2321038879212068,0.05352536479984247,-0.04921481987745251,-0.4144207044387034,0.5094388006205187,-1.7230901205859912,0.25339905933542806,-1.007465983937361,0.26801701469383105,0.3282016952546769,-0.34906385969689524,-0.5434448967069258,1.1543279811386211,-0.9945295993934385,1.2894525572145492,-0.2287856757836319,0.3672349881398997,0.47987381242146904
1997-10-01,-0.6949624202341597,1.2107764821352762,0.44469065164732235,0.05599712521446514,-0.6357548171061413,-0.10380390601482789,-2.1900765617030626,0.13899014949521088,0.23222491689621802,-1.7634180051087223,0.015984417578047257,0.3951709681033701,-0.24489238358803997,1.2553421186408664,0.519129043344645,0.8797551952670251,-0.3332573186638621,0.12305864526406297,-0.18308022579967398,-0.03492229241080115,0.31804681673025864,-0.15502550136646448,0.5391382923747392,-0.207560147872588,0.4463242693918603,0.06436271984986991,-0.061287724710261865,-1.2106772361453448,0.14160514182393352,-0.375655868737898,-0.31281866067224207,0.14006449143328448,-0.5157131538128119,-0.5154113239076292,0.5452956439332008,0.6081369811496319,0.09912148023516218,-0.0348146269292325,-0.5005117294103276,0.10779574205322136
1998-01-01,1.4345922332896524,0.9317980110919021,-1.3929501403999076,-0.8428276369281479,-1.5312480479012522,0.42132467298418247,-2.6328418760482344,-0.8479286235370558,-0.15953154228779654,0.48457797348294845,-1.1812650639308984,-0.6218339320038014,0.934383521046416,0.6610020900843977,1.5076417828404847,1.5013955232489575,0.9410902144844735,-0.5739932015734281,1.1203018266309577,-0.5531256470025596,0.9060685775914079,-0.29912664473869105,1.135632267548992,1.4874813641666829,0.387790159136354,0.9242094046496433,-0.8591031433318671,-0.8749405090952492,-1.1718947835916937,0.9115588006255168,-0.6207182829975447,-0.9058233643605764,-0.8572926976392676,-0.5624406829378673,-0.2727204289319076,0.7804722752436845,-0.1153838579602371,1.0803440548661618,-1.4534547497024872,-0.9009594051308942
1998-04-01,0.517173686352416,0.8417696656674047,-0.4323697836961797,-1.3747920186668874,-1.3240227667329671,0.8341666387749235,-1.514550816833915,-0.7954964887863378,-1.284607225457564,0.4438401988397516,-1.0857159677887058,-0.6216203856820439,0.9490723905701625,0.794692236181576,0.8277640845697689,1.3053937871141614,1.0119036248088846,-0.679449247725007,0.6543883720062359,-1.4212118611143068,0.7966961774485098,-0.061763112780799635,0.9587317992683493,0.5153768298522735,0.6332067838454045,1.0663574891389291,-0.22810697220620224,-0.09289050332703874,-0.7708139597790586,0.6560889895196202,-0.39175849460079804,-0.9311800958599138,-1.0742376127138178,-0.8939052131854243,-0.16464515008692657,0.8051970858751301,-0.5979388879053092,1.0701193431911598,1.6451694375664563,-0.9933993459997414
1998-07-01,1.1994609707446022,0.12498102768674166,0.08762336605104348,-0.7255764809783043,-1.0906498699925047,0.27529960849005275,-0.5722388261655612,-0.3142063535899989,0.23208118591948326,0.0625083980423019,-0.48028859689028053,0.14216782357167207,0.2583878796947518,-0.15288324980827914,0.5817342313013811,0.7683078572456576,0.42536486109320165,-0.020644694440246143,0.2983860373261727,0.164231633609596,-0.08518604189606287,-0.20484782870005214,0.29736504431069694,0.9525790645045464,0.174582360589415,0.3026957359018374,-0.6087321421636572,0.25816852590624584,-0.3573970704402472,-0.30132492243349984,-0.0639627688465063,-0.37521756346694285,-0.19901091235168575,0.2823254691363513,0.13935244175936215,0.2543882454425295,-0.6924213012048048,0.28334447879778374,-0.29362875348614037,-0.4020129607357523
1998-10-01,0.21833802769845323,0.20919001624473402,-0.03225598757529884,-1.0541099405072967,-2.2684324577947814,-0.004513078622292544,-0.3467403600777194,-0.2042107185598138,-1.3428729253399512,0.09919767035736125,-1.232875081699427,-0.13732525184577182,0.3616153453114403,-0.4054425541263931,1.5275346526756512,1.369667207784303,0.6972672455987088,-0.4160725990982506,-1.0071020725395574,-1.0483716072373395,0.8787003476271148,-0.21513766953621957,1.1684238078294331,0.06970529659603067,0.33084676625958415,0.8667728597414105,-1.0456894602802032,-0.5107399643628222,-0.8062137252862749,1.3686996847406572,-0.8247583139848649,-0.8039653399378963,-0.4016190819288874,-0.4316453402008856,1.4122185665875306,0.8687111887070306,-2.087092296655778,0.7545867289017308,0.27887150840330244,-0.8612693622498597
1999-01-01,0.9066520458532269,0.30950695851912663,-0.550668787848431,-0.3377077480176728,-0.9646616369485915,1.4719184841119988,0.1396313057795404,0.004898287959386701,0.3603463865537978,-1.082854338399185,-0.3604946760380731,0.2294212182770483,-0.12835239918916533,-0.37899563214781795,0.024140548427861494,0.6994832896805667,0.18349444354821962,-0.07474230388546077,-0.11757868988584415,0.2012762301712688,0.38346926416168203,-0.7613873749805304,0.055983673431028724,0.601730310992355,0.608156476897004,-0.2295777233268513,-0.47999452107289653,-0.09677747485031424,-0.13331230348140083,-0.4365930885480247,-0.3508834599306465,-0.24504068195923356,0.19684299528985555,-0.16104620230151862,0.485554088569116,-0.43141230566640365,-0.6696321638046902,-0.14181378289906343,-0.29407567440113075,-0.28141550421878864
1999-04-01,-1.0519888048467045,-0.267941759178224,0.6851562199176952,0.6170449777148572,0.11644873198481731,-1.7943241043311486,-0.2510899398848073,0.5209192533785304,0.67394504198456,0.2747477548990539,0.3100290238675679,0.6131148308065814,-0.6060740658424957,-0.5897914296238161,1.0427391307060165,-0.08584795243645882,-0.762475304914512,0.5469285365561285,-1.0309058317112831,0.2532749581384557,-0.5116958818598379,1.542390442747851,-0.06471186549220001,-0.5660168898452693,-1.043671591811026,-0.29445015907072936,0.4757952787475309,-0.7394898032173682,0.4097393920203452,0.14173536165515274,-0.37211989552579045,0.7724066370078352,-0.048900649830988616,0.5341343608584351,-0.5356747096317556,0.17626216779483636,-0.44142438342049056,-0.5149633525476667,-0.5562892664572417,0.6175142889133411
1999-07-01,-0.10983556182951063,-0.40267326248148483,0.5912996920631763,0.8947907624346005,0.4995912543390218,0.7587578382614145,-0.6151243789790783,0.7812671790673817,0.545576371558949,-0.8381548027907306,0.7461687856472831,0.7788555302796598,-1.2477456878897024,0.40528971231067074,-0.8849139671974523,-0.09801266699632469,-0.8251966406224677,1.0135482312933235,-1.2044568526246024,1.088368463846127,-0.3177373710325667,-0.6155893016308179,-1.2218282840517511,-0.8405020773079802,-0.2598246360997743,-1.0188235894512132,0.3519043514693882,0.17289244703603968,0.7559792234969347,0.09149981357993235,0.5924435084289819,0.7574274703231186,0.9823061248653535,0.25316839002399594,0.08161050590513028,-1.363273244292494,0.5784162889994099,-0.731452554043173,-0.21945548987303462,0.6412206656615794
1999-10-01,-1.8197386115692635,-0.0030795809177642324,-0.11710442734766768,2.1158872190795095,1.2540925513655854,-2.5795940063956078,1.4935483964093108,2.1813416778958508,1.7892919929658273,-1.1700174271855972,1.9558552860498528,1.8170715341164836,-2.3943532103044767,-0.3139555789539005,-0.35843800735662057,-1.5085592952333327,-2.339664719793319,2.0348930955206157,-0.5206507430594369,1.797051227777973,-2.2668627309754945,1.0005534358060875,-1.7255222711612006,-2.2309292413144246,-1.2398748481039565,-2.112802581496163,0.8692338841457469,0.11692895769108624,1.7161988859483401,-1.8031230828805553,0.9980267337451211,2.377915687917219,0.6660598627187351,2.1447111510450845,0.44377162085551153,-1.6473019889809866,1.1467960300162472,-2.004253386219657,-1.9130288747869073,2.3111606166439587
2000-01-01,-2.143446391309274,-1.0253875194484814,0.5122349938032883,2.3266279741378044,1.470453261226926,-1.252139134927889,1.8428189061859053,2.291329891971667,1.4815994167912054,-0.4415122476455514,2.0674792708424747,2.456372744035598,-2.5413501599943653,-1.0322120336562968,-1.4873016479849022,-1.6103344366603938,-2.364981329308361,2.3746447962520345,-1.8121858402349875,2.798284079855481,-2.5411083126229905,0.45888701119891623,-2.0318604442942063,-2.513685940650999,-0.7708046714046359,-2.575967836544981,0.8454924879178389,-0.47319115371264336,2.52363924805614,-1.9658355889735035,1.6477593201884568,2.605825727831495,2.252131416154593,2.2375231694641435,0.3372284984664347,-2.2315327342168456,2.437731404559256,-2.4899523332230173,-1.3989477262254688,2.451970053388566
2000-04-01,-2.6742617565444955,-0.9718835370585935,-1.8744548991692607,2.7728779349203614,2.3445565092162255,-2.653549276760076,1.794826583215595,2.7045231829762924,2.4560918313832563,-1.2083210794720514,2.306537801135111,2.380138987647151,-2.830381694203491,-1.4915874530097981,-1.3293932097915129,-2.09006421870253,-2.760598832719725,2.626081133947331,-0.28678762974087735,2.086392667567722,-2.5831005905994413,-0.5106437650556888,-2.355974812363473,-2.6597273682570592,-0.7339805940341546,-2.886034044938535,1.5284562403822728,-1.374021965823153,2.328579294991961,-1.4334373749042306,1.6346202457294388,2.9730274785393696,0.17403407266320828,2.4869540135403883,1.0229709601707422,-2.6881798875799037,1.996969805662247,-2.738321589538616,-1.389093623976373,2.912910028741738
2000-07-01,-3.303819356162906,0.011200419753052917,0.1863485019280938,3.3205335500691096,2.9160185572184063,-2.35378598384811,1.4830236130821062,3.9454867567860217,2.875295118953068,-0.48384731824035215,3.079334055544466,3.0352746651605855,-3.7165970625360067,-0.511126584094403,-2.1596232585981108,-2.6933155505551514,-3.5625054966726952,3.415162918378204,-0.18218755854227836,3.9292765034053048,-3.7311903457125033,0.014112662633834056,-3.504492492266779,-4.082543270518721,-1.2364867195744538,-3.4357033146038027,1.6646885775117426,-1.2646687624222093,3.060871578701486,-3.3231610882833658,2.8070173171564194,3.672992447611392,4.2723997772428115,2.969331757339286,2.2500793124007354,-3.6921940933642095,2.3263677963639986,-3.838653895271275,-1.0358270053061291,3.6025331520034274
2000-10-01,-3.39113917324153,0.2092918474634168,-1.0200429791693248,3.9479040710226303,3.4036786385004025,-2.4331955319063567,1.3910344257999547,3.964537654903563,2.850703126633701,-1.0600361899062076,3.467421873494876,3.3877717934562637,-3.8996282929320363,-0.36831811063382,-2.604636936145722,-3.1078847897825455,-3.919528342125981,3.863289012537545,-0.2659303172521399,3.7121110432909186,-3.9885440364338574,0.3146363339894343,-3.7597289854522007,-3.9672962708504858,-1.64179142863892,-4.193439411245533,2.303473972182627,-0.2604662698169959,3.4090439693229273,-2.43635528851444,2.8648224178182913,4.022814753140251,0.7640078986842926,2.2455972237230495,2.0595785720984097,-3.972708447670054,3.246802742191305,-3.790600971987565,-1.4345265491988284,4.0205054400648645
2001-01-01,-3.238394666083977,0.6524136211012638,0.7005384680806236,4.004279223510655,3.3520699027479903,-2.8625854070487846,1.4430623333055228,3.2733206500031478,2.8889674097781715,-1.699478478234728,3.6916520730258857,3.193607490487488,-3.6357131090739063,0.7987821327766326,-1.9314524073862838,-3.0124745424561143,-3.6506460674146437,3.8277055806511138,-0.7392253330216083,4.116682570745401,-3.8984011061951445,-0.012574546221265243,-3.788497890037179,-3.935059492719276,-2.5774394432857837,-3.7283791256888357,2.3447991932513417,0.4767974726325399,3.598325649739393,-3.177307958861265,2.416084876927787,3.927604763444369,2.6928478132739326,2.701080328091764,1.9506789983488262,-3.6299665899686016,2.807298812690363,-3.8218582733842075,-1.0448719849209087,3.801635327430713
2001-04-01,-3.0883886556662667,-0.0737948737278669,-0.47027687620122693,2.796526381850485,2.5748726296844513,-3.7471450775548694,2.397210439586095,2.7869029531434544,1.9311252402122816,-0.4627691548013945,3.3803149560608436,2.5895405470814756,-3.0263960284087283,0.2049949797263015,-1.7747485891257597,-2.321741082072878,-3.506284857041872,3.245881221975278,-1.2176795662223387,2.90745249086668,-2.980891549268906,1.1722687122749238,-2.977968033469141,-3.3638898878416046,-2.2267767539728514,-3.403480443232682,2.0761281487399423,0.2023891671085331,2.6472929849118203,-1.7249396849663712,2.4915112787575,3.4768789423314175,0.8511362588261326,1.8037802828757252,1.1661747600686538,-2.8516638281046953,2.948090553611692,-3.441133424114656,-1.1861382461349412,3.339280294047934
2001-07-01,-1.5098647814334147,0.1384279275653907,-1.441454449851375,1.6665935982094089,1.3075201066935063,-1.230799553067139,1.5567744874690317,1.5900555526023268,1.586137985669039,-0.784609322388365,1.7108704382502757,1.5871397977601192,-1.5813081061491399,0.41126655483478314,-0.9534767109289265,-0.8275453471896718,-1.4308298782567994,1.4811345504232991,-0.24411888329327852,1.7686254571090474,-1.5327518937283569,1.2054097147623055,-1.7047789346949196,-1.4637272004316517,-0.3947672148014449,-1.5113905873290034,0.6479076459568821,0.8714816794811363,1.8682360786752095,-1.8373927016042908,1.059315970394279,1.5646614223234623,2.386108074516763,0.45128155951084203,-0.11546105877120277,-1.243403754810152,0.04954240286304577,-1.4440637408168882,-0.715042183712749,1.6843363345416908
2001-10-01,0.19874498002880672,0.09022772595715632,-0.8843160990215887,-0.5454287176170984,-0.16627593519617384,0.24631287645018526,0.7444500964731425,0.035631631113844195,-0.10064453455886106,-1.2091112415907816,-0.08350248033997414,0.16185781114947054,-0.1466800177004928,0.5682951249881094,0.6874942038986044,0.37290056277414113,-0.019845686697940026,-0.051888737897351475,-0.626719396916235,-0.27046442624921707,-0.2836060198711779,-0.42914484212642934,-0.19553499523972925,0.1659761310347331,-1.3358195323665942,0.1434014342266532,1.3892175933878017,0.47866144693715196,-0.3245751487001004,-0.11398932454101804,0.11237782769617602,-0.22465774407815836,-1.6221261202551958,-1.0092262807779078,-0.22295902230259587,-0.017887272022116877,-0.013131500231847802,0.1133330168247253,0.4583689112971312,-0.13591173027114867
2002-01-01,0.869234492679637,0.5809523288004343,1.9555980933261377,-1.3367015865452843,-0.8819781904227284,0.479435720422229,-0.6112046199379851,-0.8551591784689496,-0.39794336743809,0.8785111002925063,-0.9379619468963407,-0.3430409706699356,0.8046253187827814,0.3482178573209137,1.2414401369295136,0.9670589366452302,0.9903284142604217,-0.7468079883702667,-2.138564375440128,-0.6773511784874336,1.103103954716036,0.9669519560066127,1.2316323571094983,0.6794183820208524,2.0758914865175817,0.8236713421208033,-2.470435550441435,0.781342826927059,-0.43913595502963293,1.0793215262086857,-0.7052219987143308,-0.8590396358335249,0.6355675793576697,-0.7275827953819989,-0.4210111468121257,1.3135417671552518,-1.4511758564972566,0.7861320308674773,0.38930278723484646,-0.7533393031183885
2002-04-01,0.34156186645121345,0.07061132418471266,0.09613897731410388,-0.4151931675300249,-0.9091753072363576,1.1925910228014185,-0.6554337028305706,-0.31639129546423783,-0.13772231741951108,-0.8934117913875863,-0.6329055651652806,-0.27401573392383716,0.06175511220468921,1.2818355205483982,1.120332985042974,0.7212868886181587,0.27128882085976885,-0.24230899237391698,-3.2269614956348227,-0.5304478693706721,0.205522785345206,1.1375703605046457,0.7837170343998812,0.654655462362151,0.5660175328559257,0.5755592101728224,0.7151253635692109,0.2679615204796135,-0.3055608083276319,-0.6462253914920301,-0.13170033168934595,-0.24942918887999393,-0.8256406786431372,-1.3053086325719896,-1.1494881563225137,-0.7548642297547258,-1.2428556752308342,0.45017879033836583,-0.2179915927930311,-0.2785239219808825
2002-07-01,-0.20372916734009688,-0.1391721146768142,1.0010435959799835,-0.5651279847101599,-0.08985472138067055,0.1845282485275587,0.6639743290613919,0.46188474783116484,-0.3168894457704642,0.6448645082778994,-0.05772108284701133,-0.14712918059352817,0.027150493891486126,0.976350299961246,-0.5437104822679478,0.23004364291635512,0.21387868849910976,-0.2759641689665785,-1.3864550963628528,0.04951814980342866,-0.1547797464986427,0.777179845571482,0.06311075096659682,0.14847814301040357,0.13125057794296727,-0.08380284476629266,-0.9595948925805414,0.15248187595831567,0.41206476512755325,0.6677344341525562,0.30314856531272977,-0.03145259150151342,0.044331810146090826,-0.8760387185591865,-0.6833296851159731,1.335789697440478,0.4111641229538747,0.3498406766182654,-0.8844093279934582,0.08534588863708734
2002-10-01,-0.2639069774501305,0.10076207983338135,-0.06384487641721893,0.41930198977183564,-0.09560992120739552,-0.7058485961543908,0.3592534514336902,-0.08056696096637404,-0.12771260685937344,-1.0614130218482267,0.08013706029352635,0.21285086286090413,-0.3842732175273886,0.70726641698167,0.49043442960576417,0.18829778024705002,-0.438059567698285,0.05112110017560589,0.05029374946222412,-0.10464856706228177,-0.14665346605310975,0.6813297796318781,0.15769933859316926,-0.11389710573940236,-0.10388610396996459,-0.04285140007794232,-0.5880378060148084,0.23766352428231946,0.1710673389487492,-0.7863815428084522,0.6745458824932706,0.38675799668339433,0.24640190748476354,-0.19258878915495065,-0.48707222928323624,-1.2973766074440856,0.5563560008800492,0.11152401481262783,-0.40782824616076946,0.3517599627443224
2003-01-01,-0.9341934601832098,0.04049842352267798,-1.5484267666789853,1.0299976497010113,1.4169055846829062,-0.45969668811765313,1.3423478486756355,1.659530949389621,0.9353036731182697,-0.6586281183495715,0.8074917914322833,1.0890959539534386,-1.0550738560714097,-0.3056663069277677,-0.6715750184788223,-0.36699674973414975,-0.8747457618136981,0.8732914553883446,1.2633041215007632,1.249083434393898,-0.42957557820842107,1.3482437282660062,-0.5667673095250767,-1.2857887611236338,-0.49328210632306096,-0.9932962723070894,0.366306425895715,-0.3365939204564152,0.9648110153139732,-0.29922303174022696,1.1207511091005224,1.024635364144782,0.5385014616608563,0.22786530441013025,0.0933579980380028,-0.8468408172758797,0.5394824007536813,-0.5035024433399437,0.9881593658321267,0.9571329365448473
2003-04-01,-1.736421685182359,-0.43878275873605654,1.244582425987423,2.0455050552655094,1.0822825812401562,-2.049835243148039,2.2819334263106716,2.015458378188089,0.1793433576902734,-0.6611462828157311,1.8259416226629728,1.544092492928003,-1.8256211772846211,-0.10003150886391202,-0.9228970955831421,-1.295676689465874,-2.061375748036228,1.691868764294761,-0.720946557765202,1.45457605873819,-2.196041854692985,1.2737339337202864,-1.9060340266061273,-1.50345651334475,-0.8106509198901519,-2.1012014777639814,1.939053809725756,1.1486514299376538,1.4195113732117834,-1.0659178900358273,1.1506169115550677,1.8409481077252854,1.1725017168264171,1.5737419081121868,1.3868601563079686,-1.5631970726189794,1.5877323744944387,-1.8900523500970987,-0.27315304104924376,1.9360401731332624
2003-07-01,-1.7664993001937583,-0.24253581248610553,-1.3386004256736062,1.870604739827616,1.8617934458386183,-0.4976230762380374,2.2465918442651707,2.022805319335919,0.724195251960641,-0.7534679534967246,1.8361180864140199,1.7073566916823775,-1.8904440714134638,-0.08136818315215602,-0.7951082585558765,-1.2537138090561943,-1.760752840582568,2.0811202756055387,-0.39338315850150046,2.3512134976801566,-1.6948918836243931,-0.09777156017080535,-2.0118520973283673,-1.9730560160465176,-0.5879389353981395,-1.977186015249254,0.5332892201781169,1.232870146395092,2.0810530406994947,-1.3705582460450365,1.6221947786092865,1.9655802637530775,0.4047363670280547,1.2751628706250837,0.8497766358600437,-2.5889240718690596,1.9969468508267492,-2.0861677588444842,0.0018605810055371875,1.9983180128622562
2003-10-01,-1.7965594845917983,-0.8013124746965772,0.28323196387620736,1.8313180878684767,1.8991365620317904,-3.5934587774491407,1.8922642412053683,2.080835708628755,2.3379997732968807,-1.8922622963790519,2.0679233593245523,1.8473193849114422,-1.956440839715527,0.045544843964148686,-1.2859927596565925,-1.0994135473026003,-2.3627669510319858,2.0816568528965003,-0.04559659973881359,1.732346720040416,-1.501222478423553,0.5436067461840406,-1.8354222671966887,-1.6056908034528694,-1.176756676633022,-1.8749596821648897,1.7854065114312985,0.7308045865778973,1.5189302746309958,-1.1211743661742828,1.310408640858276,2.0302190961304913,1.1912558097000763,0.8382222264482188,-0.0018618203324042113,-0.45796989546929373,2.059604417307063,-1.8349443012963693,-1.0425680515281792,2.277661743038754
2004-01-01,-2.0654475270122603,-1.791373657071459,-1.2425944186078324,2.2950584778121135,1.503988354285346,-0.6899815531274358,0.1740356572961811,1.7644452434883584,2.186466313483925,-0.26157559086535087,1.8168594095913881,1.7422431801935614,-1.9372359096485896,0.3427219420070821,-0.9533253232775111,-1.430917856430543,-1.6613130380442864,1.8634811099583086,-0.7910824944092583,2.164130209278485,-1.9841763019046803,-0.24536072653885535,-2.171338915758582,-2.2236413111508817,-0.808392929319529,-2.1348859406080494,1.0767811668857532,0.8799169162212759,2.1887070815440777,-1.7546685780272924,1.1311643908166191,1.8898490793488758,1.6454564845708346,2.247453315508432,0.5698718259276655,-2.642169244902395,2.142185977782601,-2.087272348419543,0.013937722817269365,1.96598942228369
2004-04-01,-1.0017104910737418,-0.8262515299102892,1.5042770892219126,0.836022485137326,1.2071257811921186,-0.4935744204839537,0.2086840452766847,1.1648106507978495,0.5897509574057851,-1.5768273053347386,1.0182129548489414,1.4751082154214445,-1.4273624812084098,1.853597647239472,0.6690463917120939,-0.3052729837655283,-1.4470256154732979,1.7871285937009045,-1.6411983127826115,1.3490088452186595,-1.6740408429339453,-0.04935988838007739,-0.7847582721387293,-1.0896333851582702,-0.49194093148861456,-1.189503510078498,1.305106214934186,0.42411411784835057,0.7042546990801031,-0.2006858171816348,1.154394124305193,1.2228796614551278,-0.5468775172454211,1.5554797449544593,1.549868095830045,0.31051672602900626,1.785311774308763,-1.3092982652597136,-0.7982407737330287,1.1801020723726896
2004-07-01,-0.5591739495811828,-0.6566055344124542,0.411877905871149,1.1435720137586063,-0.14733744713055372,-0.9653896890602793,1.565509756505634,0.3619549713226498,0.7699554596664204,-0.5550705025364873,0.5630040926103383,0.6994037745323461,-0.8091055295340781,1.0972070362483723,-0.8135155415135064,-0.2339411498708122,-0.5053880917549451,0.7283417749533605,-1.8805774078610606,0.9986839058409692,-0.4388129128952799,1.0714824071796556,-0.32929783572981713,-0.5712189864618585,0.08169549481835568,-0.47042956877880737,-1.1681174686199196,0.18496584231804536,0.6457491172197316,-1.1570067496601513,0.21602390177811334,0.7660526493174751,1.609478592338229,0.8532796538035662,0.5252495679185072,-1.441217311927664,0.9826282559771947,-0.42520744992574055,-0.3753259698640746,0.5631232028250375
2004-10-01,-0.22890257955284304,0.19449578563811132,1.1501281608945433,-0.1889056480735072,0.7267196345240643,0.19549072164656542,1.7454892540027052,-0.06736205008585418,0.38577102994018386,-0.04803885577608806,-0.09192131277837588,0.437280731237021,-0.38609284131996674,0.7188091242044642,1.4446196280356594,0.4532623811966029,-0.3066385520431603,0.3805736516545517,-1.825412268605999,-0.006012024833784528,0.029185553908268238,2.7564558185208883,0.6097861765243118,-0.2693611623154012,0.5069419971966552,-0.344967902294491,1.259282464150734,-0.78857955521013,0.2655657586531836,0.11506032152803976,-0.4800560875109656,0.4717771755793564,0.3279934860234322,0.49469160649986427,-0.5736814494644618,0.7197213615341133,-0.8478468501338937,0.20375349367911294,-0.34581231655759737,0.4643213336713408
2005-01-01,0.04012052515574562,0.36490940987280407,-0.6782257250224593,0.2506859325932641,-0.3864558902109507,-0.8080705914697573,1.7051893297411076,0.09707022609077083,0.24368204174856234,-1.2733731602923521,-0.011455932626935084,0.07177111709509514,-0.12832194305041067,-0.9239215038070012,-0.09987969323782515,0.39648448689154336,0.07405437924153763,0.012170151378698377,-0.5828366631106953,0.30767648561685573,0.0456006883976375,0.44288305126955885,0.39062647099196046,0.19487191747792917,0.4251306802332661,0.19287731110936301,-2.3672575771819577,-0.7360433457902804,-0.10459771415922825,-0.7658519819117872,0.1773251265148787,0.18520126780840138,0.4918561346183586,0.5880213167796482,0.14081886854171263,0.07813189522349515,-0.1740141737007416,0.2386365190608255,-1.4368470034070702,0.04961392567439125
2005-04-01,0.28069482994938083,0.39286389757292706,0.03745186466270016,-0.322351016313023,-0.9777141066881428,1.3568655645891416,1.5938715930746779,-0.42332078577338594,-0.08968209637997702,-0.23314726725693555,-0.5099092407252817,-0.007246663854292848,-0.09136578273217845,-0.1901499062248797,1.1999302283841813,0.7080978665553385,-0.002495271879199316,-0.10515847832870297,-1.2655841931958831,-0.3004072009666627,0.19886364866684256,1.6732194669897347,0.8643268081979188,0.20274387866543944,0.5241822027384725,0.05341127762913046,0.6132776286810593,-0.9379422058655951,0.1267045215259843,1.0274007303950208,-0.5277251609848016,0.04020374738214254,0.17668605162271123,-0.49310787279775764,-0.3670770335473898,-0.12837908707934964,-1.8894099447655948,0.3391313275782567,-1.4770490204288493,0.013011057198124185
2005-07-01,-1.0207547392989342,0.03073090692386652,0.27259474259743965,0.0066330245577409675,0.23219733075780338,0.5231563253400627,0.7802424077495984,0.18550620410761023,-0.3420676081131155,-0.6271741735027943,0.11604098439075679,0.19924269124676044,-0.11384820632405492,-0.8530286155842041,-0.2336201300242655,0.18239461930771364,0.06801387160452305,-0.16402766337709956,-1.5503170395321826,0.3480929651887652,-0.3893982402626418,1.9427783861515522,0.3832015195499603,0.20634480756274604,0.2381627129334336,0.010847796448492137,-0.2915509654694079,-0.5488330046307703,0.20929588832208967,-0.7955011179826668,0.31052804946962753,0.2975937733724862,0.789961336419241,-0.08910918609966664,1.091070497022149,-0.22547416248196708,-0.31621453134744637,-0.019715141549930346,-1.7461610722402885,0.1816646863455293
2005-10-01,-0.8338073673031037,1.2269785649222922,0.12900028733088117,0.28458035912823204,-1.0018387118496364,-2.0157082625147527,0.9824423911914001,0.36347672957680865,0.45698506187188354,-1.5571900459495878,0.07199827385351117,0.4533971893794143,-0.4858810633493691,-0.05449843197532504,1.411021277976416,0.6797561089531547,-0.7357283525348235,0.3334155362981261,-1.305225032246083,0.20703994741374407,-0.06233742201236291,2.181460587127953,0.728667882297167,-0.36965572210613307,0.5381333728291616,-0.45226934393672097,-0.8470192562109585,-0.14240183334869744,0.25543087244276524,-0.8304862660403914,0.2952977784163512,0.6447628574306818,-0.11471896303547312,0.30365181259775803,0.061017023072810664,-0.1448368891738468,0.9771262138572542,-0.4779539900675947,-1.348825261674145,0.5894354559613796
2006-01-01,-0.4100488382390597,1.1451109695561625,-1.1870042039474848,0.4635182472626217,0.5566193196656238,0.0061156460160513475,-0.20162728466326094,0.8504773788861281,0.1881231062447431,0.17646771185902618,0.07578719545431879,0.37442839092938546,-0.23035539194880247,-0.24344270602584767,0.34974574982796447,0.04865336668330782,-0.20162289466371988,-0.017340509140976672,0.2811974860318692,0.4731655714882817,0.006631626930954364,0.5800965730041358,0.06386516169740386,-0.14759696578833825,0.16662123734045536,-0.1290911037046904,1.098024871209466,0.19599759564029007,0.5555155598678703,-0.98243680867813,0.11522519739951566,0.5812656249645753,1.797550575448252,0.1086804603463147,1.1749468133098462,-0.40544467987575217,0.951785696323666,-0.39928700542442813,-0.13507722961098914,0.5645955381666252
2006-04-01,-0.47709334259484604,1.8503205023422047,-0.17641557413564515,0.5323941660832044,-0.2446723697997778,0.01586647489840664,-0.6221704279574706,0.03702319921712075,-0.3338052575387805,-1.8113386817462915,0.03687586080863791,0.761078711239662,-0.8274633993440101,1.2562023239342004,0.04428254289844421,0.6748809304170821,-0.41953756868454045,0.4510969266288649,0.30143368929511577,0.3090978136862054,-0.38997332888292857,1.1943930169345591,0.5214200953264688,-0.24333841666522177,0.17991125448750228,-0.39110234348401374,-1.4863089553344722,0.008222113416208945,0.5822658000324442,0.12569001031296662,-0.7744857094354446,0.5645089610702316,-0.5732630967839427,0.5513067657811765,0.7833011856664187,-0.6132745027676383,0.8336129804281722,-0.6015967303263993,-0.08058215458667672,0.6408085437593116
2006-07-01,-0.18310946870634437,0.957471804874804,-0.016491110883209193,0.44837936610441864,0.9565055579360752,-0.5807439543212057,0.5402933542100625,0.6224407998112111,0.04682501300618051,-0.35953612110818545,0.31281530089502996,0.491960340715419,-0.5443639240549735,0.13530100806021403,0.239593808870372,-0.06904436074009246,-0.41532241784754326,0.6123454417921548,0.48103238724631975,0.4494181853779403,-0.22584813529773684,1.030661289098313,-0.03232870510199919,-0.3269196172704692,-0.9510798698782185,-0.4850612693304186,0.893324758708386,1.051081689364615,0.43033530323038216,-1.031613655537952,-0.8899694771588456,0.45516582779759246,1.837228691748063,1.3807356595106657,-0.2634753240063934,-0.346514005206719,0.8755302559110146,-0.786403850282309,0.6190966039473872,0.6265889694744307
2006-10-01,-0.9434105693699445,1.4368512409701317,0.8224245206441722,0.7025541230606224,-0.3362520004532799,-0.5871758949746105,2.3911503917924875,0.9127207436294728,0.5795943465981169,-1.3203519862110187,0.48500107805889486,0.9683201957742597,-0.7341532746090373,-1.5641721244555613,-0.5901562098600714,0.0876076275643745,-0.7122495655729958,0.7251343803134885,-0.46603686386604953,0.49602911357034096,-0.34883815674876545,1.7342107929645936,-0.4075382447018494,-0.4034250181761852,1.5511880171415484,-0.6093324898507394,-0.7482484180405812,-0.3148660101991159,0.9370877515093312,-0.644472772343176,-1.1260752175574904,0.7354274063562309,0.28139631448461394,1.7696553972093652,-1.3232352384725226,-0.9523914637783838,-0.053990101126322944,-0.9832443430020342,1.2475382763925074,0.5777607985132415
2007-01-01,-1.2973547248921327,0.9171649038071705,0.7694534313555093,0.566287977387223,0.832760993232053,0.8412328639334511,1.097899120924455,0.7885450490921335,0.9839215185558362,-0.19198989567001845,0.41332309319747973,0.715766508891491,-0.8102740955665644,-0.9602326758713915,0.9634017144442744,-0.17120682087616043,-0.7818026196481404,0.5591299408316127,1.1687603496826526,0.8012528403297,-0.7200126148930094,0.9773035766183491,-0.19142499905041535,-0.7429019664932643,-1.361608631059202,-0.5868122181369788,0.007769684011061232,-0.7670768024090807,0.8116053483949656,-1.2297062713920166,-1.0205186440885219,0.8598313952198228,1.4748494963784349,1.4037125748505739,-0.23356601455908033,-0.30086271884578425,-0.07089364366391666,-0.8701394725306343,2.0392711024448396,1.0390257723961813
2007-04-01,-1.1338512860834675,2.0006669945740345,-1.906101352299738,0.5331848399446414,0.6037088864193745,-0.023268208774618715,1.041054120741341,0.464230912067321,0.6575963929393476,-0.9523516323542918,0.31184517744221085,0.7726011005925523,-0.7414478828803778,-0.8620209648162915,-0.4153100147406172,-0.06843577663907716,-0.7062091061189427,0.7403173845157017,-0.5272958713929474,0.9300177181716384,-0.9197897379542086,-0.2888687910516293,-0.39820835456332415,-0.1376934908565065,0.5934721357999493,-0.6608353886362414,1.2098529324259355,-0.835084385037225,0.4837482961490432,0.4878898371925274,-1.121819165257733,0.6583483254427422,-0.5292155926380466,0.43995021185333383,0.5887840421718503,-0.9423313880975325,0.21325796841482292,-0.7820817666177358,3.2027437065258946,0.889916094122748
2007-07-01,-0.41845304269591693,2.3885280034060496,-0.6148886803381626,0.44438010202389977,-0.40202300394412915,0.16781791622961387,0.09856312050132746,0.44222043127488014,-0.5697473036583698,-0.6468645912131832,-0.02697980596284359,0.7839077846345953,-0.5149033759107812,-0.3357858921832645,1.398066981937297,0.42944396555485914,-0.47158175777076994,0.5028859932526593,-1.0384749441799253,0.03651858669107168,0.29627222215591786,0.8396438737629969,-0.22300386537169306,-0.58658950823242,-0.8481050168114547,-0.13184645061648692,-0.12015113773869551,-0.905372940067889,0.12461657540120624,-0.07479022616133206,-1.100977046245197,0.2773840279146896,0.8168490475992872,1.1904446693539503,-0.5136907192966327,-0.27571804397526045,-0.7576568440556111,-0.2893252739798099,3.0409411217959126,0.291076361896354
2007-10-01,0.057672813946561534,2.5332271817514447,-0.7246107363395476,-0.45002091462223337,-0.8469711413455676,-0.7131534178820713,-1.3111396331980243,0.1781567206440123,-0.27027806735935,-0.07550223278860681,-0.2895094909768254,0.06548856035763746,-0.21885007335763565,-1.014325314043276,-0.5240143051264119,0.4093719859476533,0.2883899600634512,-0.03916919596282976,-0.23117625472156667,0.22737099787668857,0.06529778209861857,0.33430756764101055,0.30832302193930433,0.026073857801736253,0.36110103090932655,0.16144981897791388,0.2886855348067976,-0.24141166791962285,-0.3252015709398936,-0.5008306987233886,-0.6452178322321096,-0.1044967245341817,0.6530165592628162,0.6450986833606497,0.7257364744529574,0.5703664374444827,-0.5511071289469148,0.3008674090006307,2.74060851368728,-0.042673975646212774
2008-01-01,0.2635170369985587,1.7069941823905357,0.4078261929083889,0.07835698061528716,-0.14539915610494403,-0.7265878992015067,-1.837953002381756,0.15508265910875232,0.16881211821734024,-0.20866358215444145,-0.19290511883515155,0.26063574333390555,-0.18547567955784142,0.8863447513575805,1.3649902637447182,0.35672174236602866,-0.11573297787814112,0.12649180429900783,-0.16986611014262823,-0.22703506923800604,0.16142451518916962,-0.5738921651142523,-0.00847416365701446,0.15172551915669047,-1.3314135226833348,0.16920173569061095,-0.21595096253220267,0.13615751564468898,-0.2742612149528357,-0.060615452797030026,-0.13057823093020968,-0.28459233119379,-1.1668967257526546,0.6128197028662694,3.3364637257409577,-0.04208727897944838,-0.14163451843887429,0.17417589625871016,2.3971688954064967,-0.30716384003025454
2008-04-01,0.2650192124613098,2.021937143849475,0.7418027441820741,0.3364464159336084,-0.17636108815248477,-0.9231518855029726,-0.9535743418277733,0.09621902897441822,1.1094099911988275,-0.9370279500304346,0.04803021355122326,0.4727575304163418,-0.22783721305346155,-0.18754093375782893,-1.0032505536192564,0.6109932508471851,0.17193308810378363,0.0067889666372269696,-1.018617989576903,0.4887867632178363,-0.0847642183009396,-2.037822407084435,-0.48133048538310313,-0.2028736177812185,1.1678168342305273,-0.1533786129166241,-0.08129109007560566,1.0711583728523089,-0.36942430869755394,1.2357370214843122,-0.08483202303256443,-0.09188816232525983,0.4494034438606666,0.026097316806037173,4.431787538423192,-0.14797059434524587,0.23532728584685325,-0.592315275054982,1.6421967553939412,-0.032565613372518926
2008-07-01,0.452249716841468,0.5165931049117056,-0.14282205365887168,-0.5603343151743577,-0.3257947317741775,-1.5559523720551545,-1.078623902146558,0.41677160720520245,0.1775836006309915,-0.37904220534153715,-0.13400429276052922,0.27228580962742416,-0.07015154307872802,-0.14864269103560546,0.8851857940363268,0.15660311222642911,-0.29203881080095717,0.1770126188038407,-0.08547106861178315,-0.6158758095839286,-0.2015479407737591,0.26611149481298124,-0.07465613826327942,0.20052008023861576,-1.3328310287696705,0.2314066395131136,0.18826927694733397,-0.1562991840955948,0.11261007560475964,-0.7628876889380708,-1.0849315555628423,-0.10042438885304586,-0.3969544833454236,1.1414440502864331,3.304158832033879,0.5249144603073679,-0.43464632880823945,-0.19375930027641158,1.6063325438385319,0.020342902413074754
2008-10-01,0.1932342903620595,0.43532320232641336,-1.4329296660341542,-0.7246334041792712,-0.0794915248315395,-1.987953278725784,-0.9303758451888905,-0.29816709905718985,0.19486737071985186,-0.7849860029134146,-0.5471793636478585,-0.2349927657489157,0.019088612532865205,-0.29790491230079535,1.0429632838369927,0.3326653405743275,0.354536983480692,0.09201049283892584,-1.0320320739557909,0.05136834700344343,-0.08874240058456621,1.663665882417989,0.41222315006652155,0.5206015139782443,1.4312089149394578,0.23802690874313664,-0.8402373517518781,-1.218170171218665,0.011358926929858341,-0.1412660206492494,-1.1820728055051517,-0.23048444276786198,0.8995952821905235,0.6485227336277898,1.3160193103685414,-0.15049982526690733,-0.5781265525016874,0.1236768403725174,1.378400005276607,-0.0912449152400682
2009-01-01,-0.1873313054242649,0.10032642593500574,0.9921669939275946,-0.7840724519048947,0.4212678500128134,-0.6130829550801353,0.1584616489722095,0.022527424039909632,-0.04613052544993233,0.0860983182327907,-0.32025573505665333,-0.33067564230744817,0.2251495426764314,-0.2583656452005696,0.1607643438550512,0.29699926959106343,0.38590575300987245,-0.33216355606024034,-0.9289804157545737,-0.5734288007657217,0.38836024290605137,-1.6351956155965552,0.0602694182493298,0.1763747784003495,-0.9592399814909353,0.4487573669707182,0.7757318702198092,0.4038772711942915,-0.38912402090226017,0.9945826927940661,-0.5274404261593849,-0.5680828810850868,-0.7653141555318026,-0.4596349861286071,1.8033726361763436,0.8318191970981833,0.41549676271121744,0.42531007949298805,1.6877504507317913,-0.5323603287146655
2009-04-01,-0.036820666275796804,0.5346302549084327,-0.23842407677457533,0.048557525850465334,-0.4221061379203473,-0.6633369419030191,-0.6001945553466841,-0.10041905491236856,0.12751292396149852,0.388073855726128,-0.3165451462263877,-0.18639360540274638,-0.034550640563127434,0.17539056053475638,-0.4126654234171296,0.01316330740566166,0.009488548576492638,-0.23055010100394985,0.7241438060549955,0.3168320866617191,0.8189740463430742,-0.6854905871677041,0.027295290697658264,0.31970201906162427,0.7182843585188912,0.3699514430730275,-1.2319568624645365,-2.163994096212231,-0.2863927329493036,-0.3761803678093126,-0.7433589626825469,-0.3415270668858016,-0.09232012589740868,0.20490350704422147,1.0511917222725717,-0.15046542534596982,0.5276491110237572,-0.17781841222261643,1.7508124423160771,-0.1800918900984443
2009-07-01,0.08532544218554387,0.12246054625029121,-2.4027657039611197,-0.04131156621654647,0.4587019904587781,0.5050846171157115,-1.6041090389554782,-0.24794170766959567,-0.1593181102132137,-0.4711942876125822,0.0938593034650855,0.2635534577320076,-0.1698015133457248,0.9297600774617537,0.2634806425115241,0.07997283595083714,-0.10959074565087501,-0.371228683098779,-0.46138813027331577,-0.07492813699797102,0.5946717027026583,-0.9912157632803742,0.17444923743651508,-0.025083973246459813,-0.1939224167417782,-0.11722971550070829,-0.03628885834291808,-1.2319133667355284,-0.09805622454276072,-0.35983255132567227,0.01054952038372493,-0.04914478343504426,-0.0013701874650221268,-0.010100406131003744,1.8767301880624123,0.15960791748597747,0.526606400460368,0.23798556312904942,1.9469284188179226,-0.04253555893810256
2009-10-01,0.13196098463731115,0.19702384450381147,0.7657413973810719,-0.38865779168648695,-0.22778553681469602,-0.34460205085390505,-0.21096590248679262,0.20422724983483806,0.4665320942929478,-1.2032257984413484,-0.2928541998941406,0.6049703388078381,0.09860178049313824,0.8440131295835336,0.5019085372296651,0.24275335084036517,0.06439358094779078,0.24887392815272288,-0.7398924838342702,0.08308448125461393,0.684164820218943,-0.838254434421627,0.8021462736322827,-0.06011739173050548,1.6284568359727827,0.5165397023124509,-0.26870442501931013,-1.1389154249498585,0.19123046302549096,-0.41697393207670386,0.0018013582811695962,-0.12621087009121484,0.15436850819860334,-0.2300910757647609,-0.39650830301282414,0.3740192142318499,0.34223801122904696,0.3236430197350206,2.254205328766938,-0.17218389999311534
2010-01-01,0.4136692454935136,0.05545893952169182,0.25246763023899993,-0.40945218898676716,-0.004508177389533392,-0.009500685925887133,-0.8580309605140348,-0.44164071704359403,-0.48101337115574166,0.5205783316869806,-0.6898191200604744,0.12568460507962878,0.2697395412499749,0.6230598205209809,2.157026465362203,0.09401154395765736,0.3116543282649714,-0.2654820699880809,0.00637198995815384,-0.4044520374119534,0.366279983232186,-0.9305482301497524,0.20324883899612828,0.6856648339059396,-0.4605151841236371,-0.2327069496248959,1.522957691299716,-1.386147761790357,-0.3224285332183765,0.09969134410979867,0.6974498170502875,-0.317082441252556,0.2111310514012989,-0.7533255481293242,0.5103934707338644,-0.06046794496113239,0.751866233528775,0.3051414024458694,2.69692969309202,-0.32459997911184774
2010-04-01,0.5819637201626036,-0.7952480805803533,2.6626746975090327,-0.7774062131394198,-0.4526446305713574,1.5537453227064577,-0.49017495209905676,-0.29094316290306566,0.6841928980246711,-0.8595154155939712,-0.47109265108260334,-0.13873065609755197,0.2393965071214343,-1.2643784370445834,-0.17926830905147914,0.32134469951350975,0.3746319725516498,-0.09575625109864032,0.9578827067144923,0.147376865888727,0.584165642844675,-1.8803213720231726,-0.6747690168135587,-0.046599816830105084,-0.12883188601288198,0.8538674623966047,-0.11894304533786768,-2.601020577103782,-0.46988003111889787,1.2007947479328582,1.45482899048515,-0.5724394646208173,-1.406343734573473,-0.45585667476222924,0.038027021899425355,1.7671405763538193,0.5184760819720262,0.6689952356985946,2.5232543369081823,-0.5583039652978903
2010-07-01,0.8033218589889233,0.29319719447720116,-0.38293284216338785,0.14219241838820146,-0.7525027742082563,-0.9074721672914365,-0.8202613684506512,0.4669662418053333,-0.46950178097603973,-0.43500102801728757,-0.36781266027110465,0.43514745631185364,-0.05646466644770679,-0.2816003616719931,0.6398391968840851,0.7028418604851261,0.09214874275624693,-0.04001783509773092,-0.05901814429371085,-0.4212964482129748,-0.022196684715897298,0.5039840709429909,0.010424551135709467,0.7460268831174272,0.1577219483293008,-0.23914613299165186,-0.4893090531683972,-3.9162390159269944,-0.014383011786053185,-1.089777543642407,1.4884626085366262,-0.1576291505646172,-0.22986965977819662,0.9389180141529866,-0.04801816070354299,-1.0864751438409241,-0.4869460518751566,0.3602802005592578,1.2256742726070573,-0.17002482228950197
2010-10-01,0.3517157731644459,0.24355729854524394,0.013668765000353559,-0.0007322958867659834,-0.6535574448686138,1.175342450208126,-0.24247485757846257,-1.5507495077163687,-0.006777494611834907,-1.0055997158169818,-0.11452427572806544,0.6013310202014751,-0.1325335863549442,-0.11038352338070903,0.3269866350102357,0.5693298472584333,0.07165851559112073,0.2626901670840341,-0.3045138414521065,0.245453149914056,-0.48416435749248493,1.7924753512266616,-0.08595433099632108,0.18467176674611677,0.5469863838876006,0.4900299755004586,0.796208437770509,-5.059762117841825,-0.0404814681986175,1.304475078912007,0.4721555305120804,0.05062434481419186,0.2511737057402351,1.579911426256768,-0.10777374111394898,1.0493309203155916,0.4042663978139635,-0.5693227448854711,0.6493529878091571,0.2006844573239257
2011-01-01,0.2775814472082858,-0.13815881514539385,0.8743848784737197,-0.15863758437412928,-0.0110824349532438,-0.36658211586584555,-1.1298352657546942,1.3136351469491325,-0.36830688828318847,0.03152922245188041,0.07588483307762238,-0.026102762595232705,-0.04934086384041667,0.6765638702802564,0.4304558298458634,0.13680229328522472,-0.3597836708465276,0.16969276338561454,0.1844255299866612,0.19569683103750293,-0.5891449928257745,0.5454795258196656,-0.12353372844575299,0.12506565731256625,-1.313093140615138,-0.4857250156584415,0.7521756625801719,-2.228486087735905,-0.011348924789471767,-1.147635988476493,0.536870683649139,0.0018536206999114914,0.27697163878635067,0.8422005019330844,1.6411137727307763,-1.378883886874897,0.731714809594576,0.2937123937690057,0.1263151884693923,-0.05190986473257704
2011-04-01,0.5461865325481985,0.2906905263307361,0.7799950116396038,-0.3128353113241582,-0.018026592345706968,1.5062771791142078,-1.0807105759094089,-0.2580796045186749,-0.4912892850540086,-1.1611394311130872,-0.49181875473703024,0.11665552022551698,0.10455328433775629,1.6114234392233076,-0.17171502121302393,0.9109550425120492,0.6540111661248346,-0.4180257957982341,-0.27087427813252396,-0.23355108059096719,-0.2075966988102823,0.22964481805742562,0.2626049628429604,0.45209392685256977,1.9914034142853039,0.4924701615264619,-0.10530982508700149,-1.8696196846850084,-0.1646493220174259,1.4633280147030934,0.8924828890384543,-0.2862389886294774,0.12174925302804598,0.46084664311793455,1.1833314748924348,1.2645767041186837,0.5805616705718207,0.25039760642699543,-0.010021262344171385,-0.4457464205000302
2011-07-01,1.0051024191397766,1.008503014910605,-0.7210352113355774,-0.3539238734665359,-0.16443156313301946,-2.711296741826334,-0.5619212374747817,0.2911664091844179,0.6530381744822821,-1.045499181042925,-0.7950798561758177,0.5203564386872758,0.08727423728829656,0.16618869231205805,0.17385334071516756,1.254091868516216,0.0026812995209344517,-0.25980931227309734,-0.10160420683297199,-0.16457114597300884,0.062299443993105365,-0.5548531996369793,0.27352933760258147,0.2864513881718128,-3.4908189938867293,0.43930467015308383,-0.9887809417687369,-2.6655281507636883,-0.2398766562261218,-0.5201033976784402,0.07146544601817131,-0.4810784396366318,-0.0315028459542669,-0.10468610034409499,0.6010546561208242,-0.5128825619888667,-0.09991469109059062,0.0808579529682265,-0.10002827244663692,-0.41834260908769527
2011-10-01,1.5362345549833551,1.0392336077453492,2.2537984007856786,-0.3073684674250091,-0.19601817918785097,-0.8327081250700837,-0.7455176189684666,-0.5913957192665251,-0.36954837197407453,-0.46735680240822275,-0.7399131532154742,0.07594686422311704,-0.03430315999238429,0.7905272490654033,0.45067963013282153,0.9753953958767201,0.22656073388486395,-0.3236316266311706,-0.40057082059824184,-0.25004415774805905,0.26588849288300304,-0.039694822926850726,0.4875090137315231,0.4084352607408981,3.3576256147327723,0.6787484092875139,0.7901162350023149,-3.193901374285596,-0.6322623299964983,1.9081083310283988,-0.23851261669103013,-0.5318065791157919,-0.6000451347188591,-0.8593893577678114,-0.11709510031441035,0.8594180173064914,-0.5686447471395009,0.18177767521306293,0.7025207857644957,-0.40060476302158315
2012-01-01,1.137268334378102,0.7133114317069739,-0.005536252999863481,-0.19413403285460895,-0.023528478010965092,1.188780675044388,-1.4569610470557723,-0.5980445585609334,-0.3143740682630447,-0.7978965176393518,-0.16807880525855873,-0.4767768083604887,0.3091566818941782,1.9298454082006726,0.5377313884861521,0.47891781007971335,0.5606546218284996,-0.3800755261303642,-1.2621471120113272,-0.49272110312134115,0.6538828003333125,0.5388058403502669,0.5946138358722841,0.27821063364117715,-2.32382518531132,0.061194229947672096,-1.7951274029318018,-1.6130585979182115,-0.04035600400827955,-1.9007424325098148,-0.48811250941889833,-0.3041596678510834,0.10761313729120345,-0.5481100907666085,-0.1959450933163295,-0.2539335738105608,-0.6615004429495073,-0.10984465693095949,0.3759502345384067,-0.3767203988685843
2012-04-01,1.1474450352374825,0.3179597916144061,-0.9682626669648235,-0.16516512961653446,-1.1933095333112342,-1.3025017393428424,-0.47724020549571977,-0.4208129370656008,0.6518298056261069,-0.41927644008576165,-0.5757306506705931,0.13243773664805172,0.12466538382719874,2.004332930774552,0.05843248277919862,0.6299704860901802,-0.1476689116027211,-0.28672118178220063,0.08267910403769357,-0.07951382254952348,0.4631868507746673,-0.2130908162875855,0.1631125712549507,0.8303064648135222,4.324833669505782,0.28074244317984415,1.1610887784416535,-1.4243749015172558,-0.24807808505719808,0.5888489151864086,-0.053465677421003756,-0.15637799793482657,0.6852641332948065,-0.5985488792226408,-0.9246519627026313,0.7076287876071304,-0.1956787645705021,0.2488586311085944,0.22435547143258247,0.1707332537706334
2012-07-01,1.6115078783257486,-0.03728365996438925,1.088691885773225,-0.6831411279795889,-1.0013546714504427,-0.43596274124410944,0.602898753221,-0.6575431795621104,-0.5366359484663225,0.0020592459317971983,-0.5668309607126607,0.10335039062660786,0.45994206757135747,2.7867932700127227,0.7273609405837795,0.8492772309267097,0.8458222824416982,-0.15186628307596656,-1.9729919907249645,-0.32283035693837153,0.7312662612468789,0.1423988786426282,0.9314929745309479,0.5477890341167252,-3.3764649654375622,0.5003992618379309,-1.761613976586162,-0.8679069371683523,-0.11126169946612678,-1.2978292845685515,0.03546722881864446,-0.4166450358896235,0.04119892363309517,-0.6279250617466007,-0.4899497446957331,-0.028114963823239664,-0.6073721787959939,0.8378209959771995,-0.05860581044541262,-0.606969021024702
2012-10-01,1.9679875189522191,0.786477810965764,0.6708523292311868,-0.9704121207119131,-1.1047575810972512,-0.7421615292509156,-0.17085691114346852,-0.4080601517980544,-0.24000845740789062,-0.9639499493191689,-0.9407552593028091,-0.18474070901794742,0.8026941828235332,2.7121958687744705,1.6371903810488266,1.4902756237365502,-0.033560557407578455,-0.24090182033142965,0.24553697503507035,-0.5414294857395293,0.4404511045717658,-1.0841457854078562,0.16568659524080392,0.9401221070403494,1.787841725984039,0.9561668635278837,0.7588224874865618,-1.1172849271713443,-1.0062024155479081,3.5436185310736934,-0.5359842359539571,-0.9480495476070782,-1.1925834325344702,-0.08695751182677108,-1.496123331084325,1.5890422391319559,-0.5287660377073045,0.6319591572142595,0.2212629074020574,-0.7662374786094245
2013-01-01,1.20531018999627,-0.008230707586538414,0.9873028822796264,-0.40823161028863736,-0.819114457590266,0.49650384999533465,-0.47421943908747755,-0.5682191553745948,-0.7964360114563919,0.43667313064020197,-0.8871534642381285,-0.15638695604998626,0.8082661136446705,2.345340396927784,1.4739026961015267,1.0095874625735164,0.6969957242201653,-0.5817243287530498,-0.5326936665626251,-0.6578531922526836,0.1876290213158677,-1.24123710780351,0.36287028978938723,0.6300393942883096,-1.3398300618985213,0.1801111039646693,-1.6070916175129732,-1.9677097589406591,-0.450984497809014,-1.9479403850374493,1.522514585632265,-0.5279135625051832,-0.24366662261141342,-0.46065340252568754,-1.7090970540452182,0.32717182221540964,-0.4534124553706009,0.36934538364181135,-0.05679632185412671,-0.49594016519220396
2013-04-01,0.9184463564734179,0.41139635409721154,-1.5856415224042972,-0.6474937106029184,-0.33109728004513417,-0.6676454364303854,-0.27985328769367235,0.3623004232743895,0.4431296237628038,-0.25360579468927963,-0.3338696399167487,-0.02998493150431003,0.5744684510963733,2.8559570683054996,0.5415326590213778,0.7777992525346066,-0.1609851899869631,-0.12946852622665966,0.050594618349405755,0.11049157776421416,-0.18682791225761267,-0.5174190613381604,-0.27516407399788434,-0.1128170997338424,1.5752949247290415,0.5353246835351464,1.398327068457073,-0.24125678013960072,-0.1859624451312936,2.3348553180122833,2.011724258022792,-0.2539677161876738,-0.14079571652134396,-2.5104787197956018,-1.6496199136647756,-0.04395275825216905,0.0425375395636504,0.2226961971083975,-0.41784169300882124,-0.3519304665959178
2013-07-01,0.9376281275475997,0.06117155724688673,-2.2928893264029284,-0.5660992708545516,-0.8319990211280606,-1.3692084344844702,-0.2952850942595004,-0.010077203816127521,-0.24001523715347522,-0.15540676945601972,-0.5184128535001286,-0.0027041315481055243,0.5226993743928009,3.304090450899251,1.0722131376238924,0.8453449539569671,0.3725888165274808,-0.040366331244587675,-0.3183309621329024,-0.41246255547562644,0.3510303339060488,-1.6426084303707738,0.42801547309615307,0.5513895991547126,-0.9672195233079688,0.14241362777840488,-1.1916954467499226,0.2348070605035344,-0.305044396161574,-2.488261360886108,1.8252481414093913,-0.4559964121090697,-0.778507145756333,-2.9653339481177263,-2.212434600558524,1.7048050958543164,-0.07072014081437554,0.18765697289890498,0.2507474862749074,-0.503031589436729
2013-10-01,1.1489978975712185,0.069985675352604,-4.067800694818896,-0.5696118835943405,-0.39637273574491627,-1.0877342547545392,-0.14053780614182568,-0.2930650144068823,0.5251029368738147,-1.2591653745403064,-0.7263710788629729,0.0992773440748375,0.4268093775973283,3.323503612591612,0.9424067448093649,1.1439054762229655,0.09162484024650114,-0.2656273584507205,-0.8886648870676868,-0.19657286895585968,0.9879870978567413,-1.192851017587221,0.8788219953616646,0.7888595993622366,1.0179407432641876,0.7626491808641677,-0.8834863729099398,-0.7090534526261787,-0.3551205879602038,1.8796419652162677,2.691319374597411,-0.38563251457280207,-0.10890888566549325,-2.349524559649139,-3.246123153242904,-0.12505005671947841,-1.0891469494405812,0.41427858933464307,0.8888868308214685,-0.3572358598659411
2014-01-01,0.7099275299077266,0.605464124157308,1.929243462500251,-0.47669633486732,-0.5980690527511524,-1.159087728107725,0.6611960620662742,1.7808118544060656,-0.8888894381759715,-0.43249185537107115,-0.5091289244326401,0.17406779269847059,0.16964473030223576,2.9452998785239615,0.972812397229101,0.8703222717260778,0.3076580486654744,0.11518020116959646,-1.1594348238520091,-0.012808085472258045,0.7955501039385108,-0.27633135098332484,0.45376379199513645,0.006557013609838305,-2.232103645188612,0.6763264062563051,0.3485098079637667,-0.25947007909692976,0.05772362337516721,-0.6128364345547981,2.3505311216034905,-0.33984406300977965,-0.7330135036940472,-2.182400856792736,-2.897549893404032,0.45924335196037097,-0.2798902513420583,0.7018354948684534,1.1923940385172414,-0.4161884828131458
2014-04-01,0.4169108765505074,0.28973463898167967,-0.2926874819122809,-0.27454839471224346,-0.2407505981108616,0.03149391791701251,0.2515010888294312,-0.8143329686206233,0.6561570624785109,-0.5218010362401213,-0.23977005443522648,0.7164026208114889,-0.05924114238228573,1.7639772628081782,0.9061305516861671,0.7389765622014626,-0.2873682440482324,0.0634435378265712,-0.1070281831480521,-0.003490061816833303,0.7479641827605572,0.1534493009677498,0.23539287752108926,0.06776697336220673,1.628266580175515,0.11952486151432043,-0.20468833919503712,-0.5341146438346371,-0.13999166832274226,1.5573989778119088,2.3279906229057414,-0.018100319358439157,0.1991172852838447,-2.3674325272109162,-1.120697250939434,0.0323643411748068,-0.553388145203001,-0.6121016645236961,0.56210244987797,-0.021639836151133313
2014-07-01,0.26933400114349376,0.604985382291958,1.6148153940959002,-0.3541838207481023,0.38349730776536234,0.7853805715414672,-0.30379062052677813,0.5811417528106517,0.01689609864799182,0.3836346865165952,0.016079168828606494,0.42162083077624424,0.020002967592441526,0.9353057034690849,0.7609895690896624,0.253640723522035,0.14491050644340653,0.261549339517767,-0.5698158285163933,0.3397638549679568,0.5536605701006977,1.0577732797216506,0.3079717815409615,-0.26443233405455996,-1.6941653306163582,-0.1756332829402735,0.1175652447573281,0.3132806388048716,0.3441976966429883,-1.7410302547264673,2.4534171026508065,0.25181418339877276,0.5382260961118546,-2.601700340418411,-1.3927281844473147,-0.21354917748162724,0.25937025453986257,-0.19217856155851384,0.7293394063864628,0.09349442456862421
2014-10-01,0.6518643317812262,0.0413630500516651,0.9011817741172988,0.020987624789101548,-0.5190125671867866,1.220419189299966,-0.5660552637628216,-0.39253161704373,0.12807446905167147,-0.34189998824346174,0.14508179804849372,0.6709563530538124,-0.171144460398882,1.7652794783253063,0.7778597944574049,0.13566094432400544,-0.33135966920293114,0.40891496240124653,0.48948152256005273,-0.07158988574453477,0.15315439185873772,-0.11055199509240392,-0.6106324443883,-0.39555603908759074,-1.715976523552104,-0.08541536678926204,0.21988310028447197,1.2920749167241843,0.12624514885395202,1.6050081855316922,2.8850081835501236,-0.05844796043055871,-0.3468167519789633,-2.2371260604867444,-0.09138534585942,-0.34320593038888025,0.6167906352224735,-0.23577367135128097,1.0279248177697868,0.1155554993376467
